ID;astronaut name;gender;birth date;country;continent;company space agency;missions;days in space;spacewalks;firsts (type of animal/bacteria);firsts (human from country);plus acheivement;type of creature;still in space
612;Cameron Bess;male;1998.03.05;United States of America;America;Blue Origin;1;<.1;-;;;;;
611;Lane Bess;male;1961.09.18;United States of America;America;Blue Origin;1;<.1;-;;;;;
610;Evan Dick;male;1960.06.04;United States of America;America;Blue Origin;1;<.1;-;;;;;
609;Dylan Taylor;male;1965.08.21;United States of America;America;Blue Origin;1;<.1;-;;;;;
608;Michael Strahan;male;1970.10.15;United States of America;America;Blue Origin;1;<.1;-;;;;;
607;Laura Shepard Churchley;female;1965.03.02;United States of America;America;Blue Origin;1;<.1;-;;;;;
606;Yozo Hirano;male;1985.05.22;Japan;Asia;Space Adventures Inc.;1;08.nov;-;;;;;
605;Yusaku Maezawa;male;1965.08.10;Japan;Asia;Space Adventures Inc.;1;08.nov;-;;;;;
604;Kayla Barron;female;1987.09.19;United States of America;America;NASA;1;119.8;1;;;;;yes
603;Matthias Maurer;male;1962.01.15;Germany;Europe;ESA;1;119.8;-;;;;;yes
602;Raja Chari;male;1967.04.26;United States of America;America;NASA;1;119.8;-;;;;;yes
601;Ye Guangfu;male;1960.09.03;China;Asia;CMS;1;146.2;1;;;;;yes
600;Audrey Powers;female;1966.07.17;United States of America;America;Blue Origin;1;<.1;-;;;;;
599;Glen de Vries;male;1963.11.14;United States of America;America;Blue Origin;1;<.1;-;;;;;
598;Dr. Chris Boshuizen;male;1974.12.22;Australia;Australia;Blue Origin;1;<.1;-;;;;;
597;William Shatner;male;1931.03.22;Canada;America;Blue Origin;1;<.1;-;;;;;
596;Klim Shipenko;male;1975.05.01;Russia;Asia;Roscosmos;2;08.nov;-;;;;;
595;Yulia Peresild;female;1967.11.06;Russia;Asia;Roscosmos;2;08.nov;-;;;;;
594;Christopher Sembroski;male;1962.11.03;United States of America;America;SpaceX;1;3;-;;;;;
593;Hayley Arceneaux;female;1962.06.26;United States of America;America;SpaceX;1;3;-;;;;;
592;Dr. Sian Proctor;female;1966.06.15;United States of America;America;SpaceX;1;3;-;;;;;
591;Jared Isaacman;male;1969.05.02;United States of America;America;SpaceX;1;3;-;;;;;
590;Oliver Daemen;male;2002.08.20;Netherlands;Europe;Blue Origin;1;<.1;-;;;Youngest person in space;;
589;Mark Bezos;male;1970.03.09;United States of America;America;Blue Origin;1;<.1;-;;;;;
588;Jeff Bezos;male;1964.01.12;United States of America;America;Blue Origin;1;<.1;-;;;;;
587;Wally Funk;male;1969.01.09;United States of America;America;Blue Origin;1;<.1;-;;;;;
586;Sir Richard Branson;male;1964.09.08;UK;Europe;Virgin Galactic;1;<.1;-;;;;;
585;Sirisha Bandla;female;1966.08.15;United States of America;America;Virgin Galactic;1;<.1;-;;;;;
584;Colin Bennett;male;1961.12.29;United States of America;America;Virgin Galactic;1;<.1;-;;;;;
583;Tang Hongbo;male;1961.07.17;China;Asia;CMS;1;febr.92;1;;;;;
582;Pyotr Dubrov;male;1973.09.30;Russia;Asia;Roscosmos;1;335.6;4;;;;;yes
581;Victor J. Glover;male;1962.01.17;United States of America;America;NASA;1;167.3;4;;;;;
580;Sergey Kud-Sverchkov;male;1971.05.21;Russia;Asia;Roscosmos;1;185;1;;;;;
579;Ivan V. Vagner;male;1971.09.28;Russia;Asia;Roscosmos;1;195.8;-;;;;;
578;Hazza Al Mansouri;male;1966.01.18;United Arab Emirates;Asia;MBRSC;1;09.júl;-;;First Man from United Arab Emirates;;;
577;Jessica U. Meir;female;1964.10.18;United States of America;America;NASA;1;204.6;3;;;;;
576;Andrew R. Morgan;male;1965.11.18;United States of America;America;NASA;1;271.5;7;;;;;
575;Christina H. Koch;female;1979.01.29;United States of America;America;NASA;1;328.6;6;;;;;
574;Beth Moses;female;1969.05.29;United States of America;America;Virgin Galactic;2;<.1;-;;;;;
573;Mike Masucci;male;1975.03.25;United States of America;America;Virgin Galactic;2;<.1;-;;;;;
572;David W. D. Mackay;male;1957.11.06;UK;Europe;Virgin Galactic;3;<.1;-;;First Man from Scotland;;;
571;Mark P. Stucky;male;1959.05.23;United States of America;America;Virgin Galactic;1;<.1;-;;;;;
570;Anne McClain;female;1955.03.30;United States of America;America;NASA;1;203.6;2;;;;;
569;David Saint-Jacques;male;1962.02.07;Canada;America;CSA;1;203.6;1;;;;;
568;Nick Hague;male;1961.12.21;United States of America;America;NASA;2;202.7;3;;;;;
567;Serena M. Aulun-Chancellor;female;1966.04.18;United States of America;America;NASA;1;196.7;-;;;;;
566;Sergey V. Prokopyev;male;1958.12.11;Russia;Asia;Roscosmos;1;196.7;2;;;;;
565;Norishige Kanai;male;1972.06.04;Japan;Asia;JAXA;1;168.2;1;;;;;
564;Scott D. Tingle;male;1969.12.30;United States of America;America;NASA;1;168.2;1;;;;;
563;Mark Vande Hei;male;1967.05.17;United States of America;America;NASA;2;503.8;4;;;;;yes
562;Jack D. Fischer;male;1959.04.09;United States of America;America;NASA;1;135.8;2;;;;;
561;Thomas Pesquet;male;1972.08.15;France;Europe;CNES;2;396.5;6;;;;;
560;Sergey N. Ryzhikov;male;1958.07.22;Russia;Asia;Roscosmos;2;358.1;1;;;;;
559;Chen Dong;male;1970.11.16;China;Asia;CMS;1;márc.32;-;;;;;
558;Kathleen Rubins;female;1962.03.03;United States of America;America;NASA;2;300.1;4;;;;;
557;Takuya Onishi;male;1955.07.07;Japan;Asia;JAXA;1;115.1;-;;;;;
556;Aleksey Ovchinin;male;1971.04.21;Russia;Asia;Roscosmos;3;374.8;1;;;;;
555;Timothy Peake;male;1961.09.21;UK;Europe;ESA;1;185.9;1;;;;;
554;Aidyn A. Aimbetov;male;1960.10.13;Kazakhstan;Asia;KazCosmos;1;08.szept;-;;First Man from Kazakhstan;;;
553;Andreas E. Mogensen;male;1972.05.19;Denmark;Europe;ESA;1;08.szept;-;;First Man from Denmark;;;
552;Kjell N. Lindgren;male;1966.03.29;United States of America;America;NASA;1;141;2;;;;;
551;Kimiya Yui;male;1971.09.14;Japan;Asia;JAXA;1;141.7;-;;;;;
550;Samantha Cristoforetti;female;1957.04.17;Italy;Europe;ASI;1;199.7;-;;First Woman from Italy;;;
549;Yelena Serova;female;1961.02.23;Russia;Asia;Roscosmos;1;167.2;-;;;;;
548;Alexander Gerst;male;1957.04.11;Germany;Europe;ESA;2;362.1;1;;;;;
547;Gregory R. Wiseman;male;1956.09.08;United States of America;America;NASA;1;165.3;2;;;;;
546;Oleg Artemyev;male;1969.06.29;Russia;Asia;Roscosmos;2;366;3;;;;;
545;Michael S. Hopkins;male;1961.02.27;United States of America;America;NASA;2;333.5;5;;;;;
544;Sergey N. Ryazansky;male;1957.04.26;Russia;Asia;Roscosmos;2;304.9;4;;;;;
543;Wang Yaping;female;1971.10.28;China;Asia;CMS;2;160.8;1;;First Chinese woman to perform a spacewalk;;;yes
542;Zhang Xiaoguang;male;1972.05.15;China;Asia;CMS;1;14.jún;-;;;;;
541;Luca Parmitano;male;1966.01.08;Italy;Europe;ASI;2;367;6;;;;;
540;Alexander Misurkin;male;1970.04.21;Russia;Asia;Roscosmos;3;346.3;4;;;;;
539;Evgeny Tarelkin;male;1968.03.13;Russia;Asia;Roscosmos;1;143.7;-;;;;;
538;Oleg Novitskiy;male;1966.08.25;Russia;Asia;Roscosmos;3;531.3;3;;;;;
537;Liu Yang;female;1978.10.06;China;Asia;CMS;1;06.dec;-;;First Woman from China;;;
536;Liu Wang;male;1973.11.27;China;Asia;CMS;1;06.dec;-;;;;;
535;Sergei Revin;male;1963.08.06;Russia;Asia;Roscosmos;1;125;-;;;;;
534;Anatoli Ivanishin;male;1958.11.23;Russia;Asia;Roscosmos;3;476.2;-;;;;;
533;Anton N. Shkaplerov;male;1963.04.24;Russia;Asia;Roscosmos;4;689.7;3;;;Elite Spaceflyer;;yes
532;Satoshi Furukawa;male;1957.12.15;Japan;Asia;NASDA;1;167.3;-;;;;;
531;Andrei Borisenko;male;1958.06.10;Russia;Asia;Roscosmos;2;337.4;-;;;;;
530;Aleksandr Samokutyayev;male;1970.11.22;Russia;Asia;Roscosmos;2;331.5;2;;;;;
529;Dmitri Kondratyev;male;1957.11.25;Russia;Asia;Roscosmos;1;159.3;2;;;;;
528;Oleg Skripochka;male;1964.04.07;Russia;Asia;Roscosmos;3;331.5;3;;;;;
527;Shannon Walker;female;1966.11.15;United States of America;America;NASA;2;330.6;-;;;;;
526;Naoko Yamazaki;female;1970.12.27;Japan;Asia;NASDA;1;15.jan;-;;;;;
525;Dorothy M. Metcalf-Lindenburger;female;1970.03.02;United States of America;America;NASA;1;15.jan;-;;;;;
524;James P. Dutton Jr.;male;1962.08.30;United States of America;America;NASA;1;15.jan;-;;;;;
523;Mikhail B. Korniyenko;male;1971.07.06;Russia;Asia;Roscosmos;2;516.4;2;;;Elite Spaceflyer;;
522;Aleksandr A. Skvortsov;male;1958.02.27;Russia;Asia;Roscosmos;3;546;2;;;Elite Spaceflyer;;
521;Terry W. Virts Jr.;female;1961.10.04;United States of America;America;NASA;2;213.4;3;;;;;
520;Timothy J. Creamer;male;1970.02.22;United States of America;America;NASA;1;163.2;-;;;;;
519;Robert L. Satcher Jr.;male;1961.09.12;United States of America;America;NASA;1;08.okt;2;;;;;
518;Randolph J. Bresnik;male;1958.07.08;United States of America;America;NASA;2;149.5;5;;;;;
517;Barry E. Wilmore;female;1962.05.21;United States of America;America;NASA;2;178;4;;;;;
516;Guy Lalibert;male;1969.04.21;Canada;America;Space Adventures Inc.;1;09.okt;-;;;;;
515;Maksim V. Surayev;male;1956.09.06;Russia;Asia;Roscosmos;2;334.5;2;;;;;
514;Nicole P. Stott;female;1967.12.21;United States of America;America;NASA;2;103.2;1;;;;;
513;Jos M. Hernandez;male;1966.12.11;United States of America;America;NASA;1;13.szept;-;;;;;
512;Kevin A. Ford;male;1964.08.17;United States of America;America;NASA;2;157.5;-;;;;;
511;Timothy L. Kopra;male;1969.01.25;United States of America;America;NASA;2;244;3;;;;;
510;Thomas H. Marshburn;male;1970.09.18;United States of America;America;NASA;3;281;5;;;;;yes
509;Christopher J. Cassidy;male;1969.07.15;United States of America;America;NASA;3;377.7;10;;;;;
508;Douglas G. Hurley;male;1960.11.14;United States of America;America;NASA;3;ápr.92;-;;;Elite Spaceflyer;;
507;Roman Romanenko;male;1956.11.16;Russia;Asia;Roscosmos;2;333.5;1;;;;;
506;Andrew J. Feustel;male;1958.07.19;United States of America;America;NASA;3;225.4;9;;;Elite Spacewalker;;
505;K. Megan McArthur;female;1956.09.07;United States of America;America;NASA;2;212.6;-;;;;;
504;Michael T. Good;male;1967.08.11;United States of America;America;NASA;2;24.aug;4;;;;;
503;Gregory C. Johnson;male;1964.09.27;United States of America;America;NASA;1;09.dec;-;;;;;
502;Michael R. Barratt;;1957.08.30;United States of America;America;NASA;2;211.5;2;;;;;
501;Richard R. Arnold II;male;1965.04.08;United States of America;America;NASA;2;209.6;5;;;;;
500;Joseph M. Acaba;male;1958.08.16;United States of America;America;NASA;3;306;3;;;;;
499;Dominic A. Antonelli;male;1963.06.06;United States of America;America;NASA;2;24.jún;-;;;;;
498;Robert S. Kimbrough;male;1955.11.09;United States of America;America;NASA;3;388.7;9;;;Elite Spacewalker;;
497;Stephen G. Bowen;male;1955.09.30;United States of America;America;NASA;3;ápr.40;7;;;Elite Spacewalker;;
496;Eric A. Boe;male;1960.09.28;United States of America;America;NASA;2;28.jún;-;;;;;
495;Richard A. Garriott;male;1957.11.29;United States of America;America;Space Adventures Inc.;1;09.nov;-;;;;;
494;Jing Haipeng;male;1971.08.17;China;Asia;CMS;3;aug.47;-;;;;;
493;Liu Boming;female;1970.02.10;China;Asia;CMS;2;95;3;;;;;
492;Zhai Zhigang;male;1956.07.07;China;Asia;CMS;2;149;3;;;;;yes
491;Gregory E. Chamitoff;male;1961.12.27;United States of America;America;NASA;2;198.8;2;;;;;
490;Akihiko Hoshide;male;1966.10.26;Japan;Asia;NASDA;3;340.5;4;;;;;
489;Ronald J. Garan Jr.;male;1961.09.27;United States of America;America;NASA;2;178;4;;;;;
488;Karen L. Nyberg;female;1961.10.02;United States of America;America;NASA;2;jún.31;-;;;;;
487;Kenneth T. Ham;male;1956.12.03;United States of America;America;NASA;2;25.máj;-;;;;;
486;Yi So-yeon;female;1957.11.27;South Korea;Asia;KAP;1;09.okt;-;;First Woman from South Korea;;;
485;Oleg Kononenko;male;1962.03.02;Russia;Asia;Roscosmos;4;736.8;5;;;Elite Spaceflyer;;
484;Sergey A. Volkov;male;1956.05.04;Russia;Asia;Roscosmos;3;547.9;4;;;Elite Spaceflyer;;
483;Garrett E. Reisman;male;1966.08.09;United States of America;America;NASA;2;107.1;3;;;;;
482;Michael J. Foreman;male;1965.06.27;United States of America;America;NASA;2;26.jún;5;;;;;
481;Robert L. Behnken;male;1955.11.23;United States of America;America;NASA;3;máj.93;10;;;;;
480;Gregory H. Johnson;male;1959.01.08;United States of America;America;NASA;2;31.máj;-;;;;;
479;Stanley G. Love;male;1964.09.24;United States of America;America;NASA;1;08.dec;2;;;;;
478;Leland D. Melvin;male;1972.01.02;United States of America;America;NASA;2;23.jún;-;;;;;
477;Alan G. Poindexter;male;1967.01.26;United States of America;America;NASA;2;27.szept;-;;;;;
476;Paolo Nespoli;male;1955.10.13;Italy;Europe;ESA;3;313.1;-;;;;;
475;Douglas H. Wheelock;male;1972.05.04;United States of America;America;NASA;2;178.4;6;;;Elite Spacewalker;;
474;George D. Zamka;male;1972.10.15;United States of America;America;NASA;2;28.szept;-;;;;;
473;Sheikh Muszaphar Shukor Al Masrie;male;1963.11.18;Malaysia;Asia;ANGKASA;1;08.okt;-;;First Man from Malaysia;;;
472;Alvin Drew;male;1964.03.23;United States of America;America;NASA;2;25.máj;2;;;;;
471;Barbara R. Morgan;female;1967.11.16;United States of America;America;NASA;1;07.dec;-;;;;;
470;Tracy E. Caldwell Dyson;female;1970.08.21;United States of America;America;NASA;2;188.8;3;;;;;
469;Clayton C. Anderson;male;1968.01.13;United States of America;America;NASA;2;166.9;6;;;Elite Spacewalker;;
468;John D. Olivas;male;1965.09.28;United States of America;America;NASA;2;27.júl;5;;;;;
467;Steven R. Swanson;male;1970.02.28;United States of America;America;NASA;3;195.9;5;;;;;
466;Lee J. Archambault;male;1969.08.01;United States of America;America;NASA;2;26.jún;-;;;;;
465;Charles Simonyi;male;1948.09.10;Hungary;Europe;Space Adventures Inc.;2;26.jún;-;;;;;
464;Oleg Kotov;male;1955.11.27;Russia;Asia;Roscosmos;3;526.2;6;;;Elite Spaceflyer;;
463;Sunita L. Williams;male;1972.01.28;United States of America;America;NASA;2;321.7;7;;;Elite Spacewalker;;
462;Joan E. Higginbotham;female;1962.01.15;United States of America;America;NASA;1;09.dec;-;;;;;
461;Christer Fuglesang;male;1973.09.04;Sweden;Europe;ESA;2;26.júl;5;;First Man from Sweden;;;
460;Nicholas J. M. Patrick;male;1965.11.05;United States of America;America;NASA;2;26.jún;3;;;;;
459;William A. Oefelein;male;1973.06.22;United States of America;America;NASA;1;01.jún;-;;;;;
458;Anousheh Ansari;female;1957.06.17;Iran;Asia;Space Adventures Inc.;1;09.okt;-;;First Woman from Iran;;;
457;Heidemarie M. Stefanyshyn-Piper;female;1966.04.25;United States of America;America;NASA;2;27.jún;5;;;;;
456;Christopher J. Ferguson;;1957.11.21;United States of America;America;NASA;3;182;-;;;;;
455;Stephanie D. Wilson;female;1969.03.05;United States of America;America;NASA;3;43;-;;;;;
454;Lisa M. Nowak;female;1965.11.20;United States of America;America;NASA;1;08.dec;-;;;;;
453;Michael E. Fossum;male;1956.02.17;United States of America;America;NASA;3;193.8;7;;;Elite Spacewalker;;
452;Marcos C. Pontes;male;1955.01.04;Brazil;America;NASA;1;09.szept;-;;First Man from Brazil;;;
451;Nie Haisheng;male;1957.05.23;China;Asia;CMS;3;111.6;1;;;;;
450;Fei Junlong;male;1959.06.23;China;Asia;CMS;1;08.ápr;-;;;;;
449;Gregory H. Olsen;male;1955.06.08;United States of America;America;Space Adventures Inc.;1;09.szept;-;;;;;
448;Charles J. Camarda;male;1959.08.11;United States of America;America;NASA;1;13.szept;-;;;;;
447;Saichi Noguchi;male;1956.01.12;Japan;Asia;NASDA;3;344.4;4;;;;;
446;Yuri Sharginy;male;1972.01.15;Russia;Asia;Roscosmos;1;09.szept;-;;;;;
445;William B. Binnie;male;1963.12.19;United States of America;America;Scaled Composites;1;<.1;-;;;;;
444;Michael W. Melvill;male;1955.04.28;United States of America;America;Scaled Composites;2;<.1;-;;;;;
443;Andr Kuipers;male;1960.10.08;Netherlands;Europe;ESA;2;203.7;-;;;;;
442;E. Michael Fincke;male;1969.09.07;United States of America;America;NASA;3;381.6;9;;;Elite Spacewalker;;
441;Yang Liwei;male;1961.08.22;China;Asia;CMS;1;0.9;-;;First Man from China;;;
440;Ilan Ramon;male;1963.12.23;Israel;Asia;NASA;1;15.szept;-;;First Man from Israel;;;
439;Laurel B. Clark;male;1964.03.22;United States of America;America;NASA;1;15.szept;-;;;;;
438;David M. Brown;male;1963.05.09;United States of America;America;NASA;1;15.szept;-;;;;;
437;William C. McCool;male;1963.05.20;United States of America;America;NASA;1;15.szept;-;;;;;
436;Donald R. Pettit;male;1969.09.24;United States of America;America;NASA;3;369.7;2;;;;;
435;John B. Herrington;male;1960.03.17;United States of America;America;NASA;1;13.aug;3;;;;;
434;Frank De Winne;male;1965.03.02;Belgium;Europe;ESA;2;198.7;-;;;;;
433;Fyodor Yurchikhin;male;1956.03.01;Russia;Asia;Roscosmos;5;672.9;9;;;Elite Spacewalker;;
432;Sandra H. Magnus;female;1959.01.10;United States of America;America;NASA;3;157.4;-;;;;;
431;Piers J. Sellers;male;1960.10.17;United States of America;America;NASA;3;ápr.35;6;;;Elite Spacewalker;;
430;Sergei Treshchov;male;1967.08.11;Russia;Asia;Roscosmos;1;184.9;1;;;;;
429;Peggy A. Whitson;female;1962.07.20;United States of America;America;NASA;3;665.9;10;;;Elite Spacewalker;;
428;Philippe Perrin;male;1958.04.07;France;Europe;CNES;1;13.szept;3;;;;;
427;Paul S. Lockhart;male;1965.04.07;United States of America;America;NASA;2;27.jún;-;;;;;
426;Mark Shuttleworth;male;1966.08.22;South Africa;Africa;Space Adventures Inc.;1;09.szept;-;;First Man from South Africa;;;
425;Roberto Vittori;male;1968.10.27;Italy;Europe;ASI;3;máj.35;-;;;;;
424;Lee M. Morin;male;1971.02.05;United States of America;America;NASA;1;08.okt;2;;;;;
423;Rex J. Walheim;male;1970.10.04;United States of America;America;NASA;3;ápr.36;5;;;;;
422;Stephen N. Frick;male;1966.10.27;United States of America;America;NASA;2;23.jún;-;;;;;
421;Michael J. Massimino;male;1962.08.21;United States of America;America;NASA;2;23.aug;4;;;;;
420;Duane G. Carey;male;1964.08.07;United States of America;America;NASA;1;09.okt;-;;;;;
419;Daniel M. Tani;male;1961.11.07;United States of America;America;NASA;2;131.8;6;;;Elite Spacewalker;;
418;Mark E. Kelly;male;1958.08.16;United States of America;America;NASA;4;jan.54;-;;;;;
417;Konstantin Kozeyev;male;1961.04.13;Russia;Asia;Roscosmos;1;08.szept;-;;;;;
416;Mikhail Tyurin;male;1973.04.07;Russia;Asia;Roscosmos;3;532.1;5;;;Elite Spaceflyer;;
415;Patrick G. Forrester;male;1955.03.13;United States of America;America;NASA;3;jún.39;4;;;;;
414;Charles O. Hobaugh;male;1961.10.07;United States of America;America;NASA;3;márc.36;-;;;;;
413;Dennis A. Tito;male;1963.10.07;United States of America;America;Space Adventures Inc.;1;09.júl;-;;;;;
412;Yury V. Lonchakov;male;1964.11.16;Russia;Asia;Roscosmos;3;200.8;2;;;;;
411;John L. Phillips;male;1972.10.15;United States of America;America;NASA;3;203.7;1;;;;;
410;Paul W. Richards;male;1958.06.25;United States of America;America;NASA;1;08.dec;1;;;;;
409;James M. Kelly;male;1964.12.29;United States of America;America;NASA;2;26.júl;-;;;;;
408;Mark L. Polansky;male;1961.08.06;United States of America;America;NASA;3;máj.41;-;;;;;
407;Pamela A. Melroy;female;1969.09.08;United States of America;America;NASA;3;aug.38;-;;;;;
406;Boris Morukov;male;1961.03.04;Russia;Asia;Roscosmos;1;08.nov;-;;;;;
405;Daniel C. Burbank;male;1970.01.01;United States of America;America;NASA;3;188;1;;;;;
404;Richard A. Mastracchio;male;1971.03.30;United States of America;America;NASA;4;jan.39;9;;;Elite Spacewalker;;
403;Jeffrey N. Williams;male;1961.07.07;United States of America;America;NASA;4;534.1;5;;;Elite Spaceflyer;;
402;Sergei Zalyotin;male;1956.05.29;Russia;Asia;Roscosmos;2;júl.83;1;;;;;
401;Gerhard Thiele;male;1957.05.10;Germany;Europe;DLR;1;02.nov;-;;;;;
400;Scott J. Kelly;male;1973.04.13;United States of America;America;NASA;4;520.4;3;;;Elite Spaceflyer;;
399;Jeffrey S. Ashby;male;1964.12.31;United States of America;America;NASA;3;27.júl;-;;;;;
398;Valeri Tokarev;male;1973.12.16;Russia;Asia;Roscosmos;2;199.6;2;;;;;
397;Julie Payette;female;1958.01.21;Canada;America;CSA;2;25.máj;-;;;;;
396;Rick D. Husband;male;1971.01.16;United States of America;America;NASA;2;25.júl;-;;;;;
395;Ivan Bella;male;1956.04.18;Slovakia;Europe;Roscosmos;1;09.júl;-;;First Man from Slovakia;;;
394;Frederick W. Sturckow;male;1961.11.18;United States of America;America;NASA;6;ápr.51;-;;;;;
393;Pedro Duque;male;1966.05.22;Spain;Europe;ESA;2;18.aug;-;;First Man from Spain;;;
392;Yuri Baturin;male;1960.05.11;Russia;Asia;Roscosmos;2;19.júl;-;;;;;
391;Gennady Padalka;male;1960.05.07;Russia;Asia;Roscosmos;5;878.5;10;;;Elite Spacewalker;;
390;Janet L. Kavandi;female;1973.02.17;United States of America;America;NASA;3;aug.33;-;;;;;
389;Dominic L. P. Gorie;male;1967.01.30;United States of America;America;NASA;4;49;-;;;;;
388;James A. Pawelczyk;male;1960.08.07;United States of America;America;NASA;1;29.aug;-;;;;;
387;Jay C. Buckey;male;1957.10.10;United States of America;America;NASA;1;15.szept;-;;;;;
386;Kathryn P. Hire;female;1971.10.18;United States of America;America;NASA;2;29.júl;-;;;;;
385;Dafydd Williams;male;1972.10.04;Canada;America;CSA;2;28.júl;3;;;;;
384;Scott D. Altman;male;1970.10.19;United States of America;America;NASA;4;máj.51;-;;;;;
383;Lopold Eyharts;male;1957.03.15;France;Europe;CNES;2;szept.68;-;;;;;
382;Salizhan Sharipov;male;1955.02.18;Russia;Asia;Roscosmos;2;201.6;2;;;;;
381;Michael P. Anderson;male;1961.12.07;United States of America;America;NASA;2;24.aug;-;;;;;
380;James F. Reilly II;male;1962.05.18;United States of America;America;NASA;3;ápr.35;5;;;;;
379;Joe F. Edwards Jr.;male;1965.10.23;United States of America;America;NASA;1;08.aug;-;;;;;
378;Leonid Kadeniuk;male;1959.07.22;Ukraine;Europe;SSAU;1;15.júl;-;;First Man from Ukraine;;;
377;Takao Doi;male;1957.07.06;Japan;Asia;NASDA;2;ápr.31;2;;;;;
376;Kalpana Chawla;female;1964.03.02;United States of America;America;NASA;2;jún.31;-;;;;;
375;Steven W. Lindsey;male;1963.01.03;United States of America;America;NASA;5;szept.62;-;;;;;
374;Michael J. Bloomfield;male;1969.10.17;United States of America;America;NASA;3;-;-;;;;;
373;Bjarni Tryggvason;male;1961.02.02;Canada;America;CSA;1;09.nov;-;;;;;
372;Stephen K. Robinson;male;1970.07.31;United States of America;America;NASA;4;ápr.48;3;;;;;
371;Robert L. Curbeam Jr.;male;1965.03.16;United States of America;America;NASA;3;jún.37;7;;;Elite Spacewalker;;
370;Pavel Vinogradov;male;1970.09.16;Russia;Asia;Roscosmos;3;546.9;7;;;Elite Spacewalker;;
369;Edward T. Lu;male;1955.06.16;United States of America;America;NASA;3;206;1;;;;;
368;Carlos I. Noriega;male;1959.10.08;United States of America;America;NASA;2;20.jan;3;;;;;
367;Gregory T. Linteris;male;1957.10.04;United States of America;America;NASA;2;19.júl;-;;;;;
366;Roger K. Crouch;male;1966.05.02;United States of America;America;NASA;2;19.júl;-;;;;;
365;Susan L. Kilrain Still;female;1960.01.18;United States of America;America;NASA;2;19.júl;-;;;;;
364;Reinhold Ewald;male;1958.04.30;Germany;Europe;DLR;1;19.júl;-;;;;;
363;Aleksandr Lazutkin;male;1964.01.06;Russia;Asia;Roscosmos;1;184.9;-;;;;;
362;Claudie Haigner;female;1950.06.16;France;Europe;ESA;2;25.jún;-;;First Woman from France;;;
361;Valery Korzun;male;1953.07.06;Russia;Asia;Roscosmos;2;381.7;4;;;Elite Spaceflyer;;
360;Robert Thirsk;male;1966.10.27;Canada;America;CSA;2;204.8;-;;;;;
359;Jean-Jacques Favier;male;1952.07.08;France;Europe;CNES;1;16.szept;-;;;;;
358;Charles E. Brady Jr.;;1952.05.04;United States of America;America;NASA;1;16.szept;-;;;;;
357;Richard M. Linnehan;male;1961.07.14;United States of America;America;NASA;4;szept.59;6;;;Elite Spacewalker;;
356;Andrew S. W. Thomas;male;1953.04.09;United States of America;America;NASA;4;177.4;1;;;;;
355;Umberto Guidoni;male;1965.04.06;Italy;Europe;ASI;2;27.jún;-;;;;;
354;Maurizio Cheli;male;1964.12.29;Italy;Europe;ASI;1;15.júl;-;;;;;
353;Scott J. Horowitz;male;1953.01.31;United States of America;America;NASA;4;ápr.47;-;;;;;
352;Yury Onufriyenko;male;1956.04.30;Russia;Asia;Roscosmos;2;389.6;8;;;Elite Spacewalker;;
351;Daniel T. Barry;male;1951.03.12;United States of America;America;NASA;3;30.jún;4;;;;;
350;Koichi Wakata;male;1955.10.22;Japan;Asia;NASDA;4;347.4;-;;;;;
349;Winston E. Scott;male;1952.12.27;United States of America;America;NASA;2;24.jún;3;;;;;
348;Brent W. Jett;male;1955.03.30;United States of America;America;NASA;4;aug.41;-;;;;;
347;Chris Hadfield;male;1958.08.29;Canada;America;CSA;3;165.7;2;;;;;
346;Albert Sacco Jr.;male;1959.03.16;United States of America;America;NASA;1;15.szept;-;;;;;
345;Frederick W. Leslie;male;1960.03.02;United States of America;America;NASA;1;15.szept;-;;;;;
344;Michael E. Lopez-Alegra;male;1955.06.15;United States of America;America;NASA;4;257.9;10;;;Elite Spacewalker;;
343;Catherine G. Coleman;female;1962.03.10;United States of America;America;NASA;3;180.2;-;;;;;
342;Kent V. Rominger;male;1955.05.20;United States of America;America;NASA;5;jan.67;-;;;;;
341;Michael L. Gernhardt;male;1966.07.21;United States of America;America;NASA;4;márc.43;4;;;;;
340;Thomas Reiter;male;1954.02.21;Germany;Europe;ESA;2;350.2;3;;;;;
339;Yuri Gidzenko;male;1966.05.22;Russia;Asia;Roscosmos;3;329.9;2;;;;;
338;Mary E. Weber;female;1955.05.04;United States of America;America;NASA;2;18.aug;-;;;;;
337;Kevin R. Kregel;male;1962.10.21;United States of America;America;NASA;4;aug.52;-;;;;;
336;Nikolai Budarin;male;1950.10.03;Russia;Asia;Roscosmos;3;444.1;8;;;Elite Spacewalker;;
335;Vladimir N. Dezhurov;male;1958.04.23;Russia;Asia;Roscosmos;2;244.2;9;;;;;
334;Wendy B. Lawrence;female;1962.06.19;United States of America;America;NASA;4;febr.51;-;;;;;
333;John M. Grunsfeld;male;1961.09.15;United States of America;America;NASA;5;jún.58;8;;;Elite Spacewalker;;
332;William G. Gregory;male;1963.01.31;United States of America;America;NASA;1;16.jún;-;;;;;
331;Eileen M. Collins;female;1951.02.20;United States of America;America;NASA;4;márc.38;-;;;;;
330;Scott E. Parazynski;male;1955.06.21;United States of America;America;NASA;5;jún.57;7;;;Elite Spacewalker;;
329;Jean-Francois Clervoy;male;1962.10.11;France;Europe;CNES;3;28.jan;-;;;;;
328;Joseph R. Tanner;male;1961.03.31;United States of America;America;NASA;4;jún.43;7;;;Elite Spacewalker;;
327;Yelena V. Kondakova;female;1953.12.26;Russia;Asia;Roscosmos;2;178.4;-;;First Woman from Russia;;;
326;Steven L. Smith;male;1963.03.06;United States of America;America;NASA;4;40;7;;;Elite Spacewalker;;
325;Terrence W. Wilcutt;male;1954.09.11;United States of America;America;NASA;4;42;-;;;;;
324;Jerry M. Linenger;male;1951.01.12;United States of America;America;NASA;2;143.1;1;;;;;
323;Chiaki Mukai;female;1956.06.02;Japan;Asia;NASDA;2;23.júl;-;;First Woman from Japan;;;
322;Donald A. Thomas;male;1955.06.12;United States of America;America;NASA;4;márc.43;-;;;;;
321;Leroy Chiao;male;1955.04.10;United States of America;America;NASA;4;229.3;6;;;;;
320;James D. Halsell Jr.;male;1957.04.01;United States of America;America;NASA;5;14.jan;-;;;;;
319;Talgat Musabayev;male;1952.01.09;Russia;Asia;Roscosmos;3;341.4;7;;;Elite Spacewalker;;
318;Yuri Malenchenko;male;1964.06.06;Russia;Asia;Roscosmos;6;827.4;6;;;Elite Spaceflyer;;
317;Thomas D. Jones;male;1952.10.24;United States of America;America;NASA;4;53;3;;;;;
316;Ronald M. Sega;male;1955.06.23;United States of America;America;NASA;2;17.máj;-;;;;;
315;Yury Usachov;male;1958.10.20;Russia;Asia;Roscosmos;4;552.9;7;;;Elite Spaceflyer;;
314;Martin J. Fettman;male;1953.09.05;United States of America;America;NASA;1;14;-;;;;;
313;David A. Wolf;male;1958.04.01;United States of America;America;NASA;4;168.4;7;;;Elite Spacewalker;;
312;William S. McArthur Jr.;male;1952.06.21;United States of America;America;NASA;4;224.9;4;;;;;
311;Richard A. Searfoss;male;1962.07.28;United States of America;America;NASA;3;227.6;-;;;;;
310;Carl E. Walz;male;1950.05.19;United States of America;America;NASA;4;230.5;3;;;;;
309;Daniel W. Bursch;male;1950.01.09;United States of America;America;NASA;4;226.9;2;;;;;
308;James H. Newman;male;1958.06.07;United States of America;America;NASA;4;ápr.43;6;;;Elite Spacewalker;;
307;Jean-Pierre Haigner;male;1963.09.03;France;Europe;CNES;2;209.5;1;;;;;
306;Vasily Tsibliyev;male;1955.12.01;Russia;Asia;Roscosmos;2;381.7;6;;;Elite Spaceflyer;;
305;Janice E. Voss;male;1954.01.14;United States of America;America;NASA;5;febr.49;-;;;;;
304;Peter J. K. Wisoff;male;1964.08.13;United States of America;America;NASA;4;márc.44;3;;;;;
303;Nancy J. Currie-Gregg;female;1956.07.16;United States of America;America;NASA;4;jún.41;-;;;;;
302;Hans Schlegel;male;1963.08.14;Germany;Europe;DLR;2;22.aug;1;;;;;
301;Ulrich Walter;male;1957.04.11;Germany;Europe;DLR;1;10;-;;;;;
300;Bernard A. Harris Jr.;male;1964.07.31;United States of America;America;NASA;2;18.márc;1;;;;;
299;Charles J. Precourt;male;1956.06.08;United States of America;America;NASA;4;aug.38;-;;;;;
298;Ellen L. Ochoa;female;1959.12.28;United States of America;America;NASA;4;márc.42;-;;;;;
297;Kenneth D. Cockrell;male;1962.04.23;United States of America;America;NASA;5;211.6;-;;;;;
296;Aleksandr Poleshchuk;male;1953.10.30;Russia;Asia;Roscosmos;1;179;2;;;;;
295;Susan J. Helms;female;1958.02.26;United States of America;America;NASA;5;211;1;;;;;
294;Michael R. Clifford;male;1958.11.30;United States of America;America;NASA;3;27.aug;1;;;;;
293;Steve MacLean;male;1965.12.26;Canada;America;CSA;2;21.júl;1;;;;;
292;Mamoru Mohri;male;1952.10.08;Japan;Asia;NASDA;2;19.febr;-;;;;;
291;Mae C. Jemison;female;1960.06.13;United States of America;America;NASA;1;09.júl;-;;First African American Woman in Space;;;
290;N. Jan Davis;female;1961.04.20;United States of America;America;NASA;3;28.jan;-;;;;;
289;Curtis L. Brown Jr.;male;1957.11.27;United States of America;America;NASA;6;júl.57;-;;;Frequent Flyer;;
288;Franco Malerba;male;1951.04.26;Italy;Europe;ASI;1;8;-;;First Man from Italy;;;
287;Claude Nicollier;male;1963.01.09;Switzerland;Europe;ESA;4;máj.42;1;;First Man from Switzerland;;;
286;Andrew M. Allen;male;1966.05.06;United States of America;America;NASA;3;júl.37;-;;;;;
285;Michel Tognini;male;1952.04.27;France;Europe;CNES;2;18.júl;-;;;;;
284;Sergei Avdeyev;male;1952.04.24;Russia;Asia;Roscosmos;3;747.6;10;;;Elite Spacewalker;;
283;Eugene H. Trinh;male;1955.09.24;Vietnam;Asia;NASA;1;13.aug;-;;;;;
282;Lawrence J. Delucas;male;1965.12.30;United States of America;America;NASA;1;13.aug;-;;;;;
281;Kenneth D. Bowersox;male;1962.02.15;United States of America;America;NASA;5;211.6;2;;;;;
280;Kevin P. Chilton;male;1964.12.26;United States of America;America;NASA;3;29.márc;-;;;;;
279;Dirk Frimout;male;1962.10.15;Belgium;Europe;ESA;1;09.aug;-;;First Man from Belgium;;;
278;C. Michael Foale;male;1957.09.15;United States of America;America;NASA;6;373.8;4;;;Frequent Flyer;;
277;Brian Duffy;male;1965.07.29;United States of America;America;NASA;4;júl.40;-;;;;;
276;Klaus-Dietrich Flade;male;1951.02.10;Germany;Europe;DLR;1;09.júl;-;;;;;
275;Aleksandr Kaleri;male;1954.02.28;Russia;Asia;Roscosmos;5;769.3;5;;;Elite Spaceflyer;;
274;Roberta Bondar;female;1945.12.04;Canada;America;CSA;1;01.aug;-;;First Woman from Canada;;;
273;William F. Readdy;male;1952.01.24;United States of America;America;NASA;3;28;-;;;;;
272;Stephen S. Oswald;male;1956.11.24;United States of America;America;NASA;3;szept.33;-;;;;;
271;Thomas J. Hennen;male;1957.07.26;United States of America;America;NASA;1;7;-;;;;;
270;Mario Runco Jr.;male;1949.03.11;United States of America;America;NASA;3;23;1;;;;;
269;James S. Voss;male;1949.06.01;United States of America;America;NASA;5;202.2;4;;;;;
268;Terence T. Henricks;male;1951.09.19;United States of America;America;NASA;4;aug.42;-;;;;;
267;Franz A. Viehbick;male;1952.02.15;Austria;no;Roscosmos;1;09.júl;-;;First Man from Austria;;;
266;Toktar Aubakirov;male;1949.07.10;USSR;Asia;CCCP;1;09.júl;-;;;;;
265;Kenneth S. Reightler Jr.;male;1956.11.24;United States of America;America;NASA;2;13.júl;-;;;;;
264;Michael A. Baker;male;1949.04.10;United States of America;America;NASA;4;febr.40;-;;;;;
263;Millie Hughes-Fulford;female;1949.03.04;United States of America;America;NASA;1;01.szept;-;;;;;
262;F. Andrew Gaffney;male;1957.11.07;United States of America;America;NASA;1;01.szept;-;;;;;
261;Tamara E. Jernigan;female;1952.01.15;United States of America;America;NASA;5;jan.63;1;;;;;
260;Sidney M. Gutierrez;female;1960.03.09;United States of America;America;NASA;2;20.márc;-;;;;;
259;Helen Sharman;female;1950.07.10;UK;Europe;Project Juno;1;09.júl;-;;First Woman from UK;;;
258;Anatoly Artsebarsky;male;1957.06.25;USSR;Asia;CCCP;1;144.6;6;;;;;
257;Richard J. Hieb;male;1956.06.30;United States of America;America;NASA;3;szept.31;3;;;;;
256;Charles L. Veach;male;1960.11.01;United States of America;America;NASA;2;18.febr;-;;;;;
255;Donald R. McMonagle;male;1959.01.25;United States of America;America;NASA;3;25.febr;-;;;;;
254;Gregory J. Harbaugh;male;1949.11.23;United States of America;America;NASA;4;jan.34;3;;;;;
253;L. Blaine Hammond Jr.;male;1958.09.19;United States of America;America;NASA;2;19.márc;-;;;;;
252;Jerome Apt III;male;1949.03.09;United States of America;America;NASA;4;márc.35;2;;;;;
251;Linda M. Godwin;female;1960.04.06;United States of America;America;NASA;4;márc.38;2;;;;;
250;Kenneth D. Cameron;male;1956.12.12;United States of America;America;NASA;3;máj.64;-;;;;;
249;Ronald A. Parise;male;1951.05.24;United States of America;America;NASA;2;25.jún;-;;;;;
248;Samuel T. Durrance;male;1949.09.04;United States of America;America;NASA;2;25.jún;-;;;;;
247;Toyohiro Akiyama;male;1960.09.17;Japan;Asia;CCCP;1;09.júl;-;;First Man from Japan;;;
246;Viktor M. Afanasyev;male;1956.02.02;USSR;Asia;CCCP;4;555.8;7;;;Elite Spacewalker;;
245;Charles D. Gemar;male;1951.01.07;United States of America;America;NASA;3;14.aug;-;;;;;
244;Carl J. Meade;male;1958.05.09;United States of America;America;NASA;3;29.júl;1;;;;;
243;Frank L. Culbertson Jr.;male;1954.04.27;United States of America;America;NASA;3;143.6;1;;;;;
242;Thomas D. Akers;male;1953.07.25;United States of America;America;NASA;4;szept.33;4;;;;;
241;Bruce E. Melnick;male;1951.04.14;United States of America;America;NASA;2;13;-;;;;;
240;Robert D. Cabana;male;1953.05.03;United States of America;America;NASA;4;szept.37;-;;;;;
239;Gennadi Manakov;male;1959.05.10;USSR;Asia;CCCP;2;309.9;3;;;;;
238;Pierre J. Thuot;male;1954.10.30;United States of America;America;NASA;3;27.márc;3;;;;;
237;John H. Casper;male;1955.05.10;United States of America;America;NASA;4;03.szept;-;;;;;
236;Aleksandr N. Balandin;male;1958.05.07;USSR;Asia;CCCP;1;179.1;2;;;;;
235;G. David Low;male;1956.02.19;United States of America;America;NASA;3;29.aug;1;;;;;
A330;Grogu (Baby Yoda);;;United States of America;America;NASA;1;;;;;;Unknown;
A329;Perseverance;;;United States of America;America;NASA;1;;;;;;Mars Rover;
A328;CIMON-2 (Crew Interactive Mobile Companion);;;United States of America;America;;1;;;;;;Head-shaped AI Robot;
A327;Forty Mice (#7);;;United States of America;America;;1;;;;;;Mouse;
A326;Skybot F-850;;;Russia;Asia;;1;;;;;;Russian FEDOR Robot;
A325;Pragyan;;;India;Asia;;1;;;;;;Lunar Rover;
A324;Ripley;;;United States of America;America;SpaceX;1;;;;;;Mannequin;
A323;Some Tardigrades (#4);;;Israel;Asia;;1;;;First Tardigrade;;;Tardigrade;
A322;Yutu-2;;;China;Asia;;1;;;;;;Lunar Rover;
A321;Forty Mice (#6);;;United States of America;America;;1;;;;;;Mouse;
A320;CIMON (Crew Interactive Mobile Companion);;;United States of America;America;;1;;;;;;Head-shaped AI Robot;
A319;Twenty Mice (#3);;;United States of America;America;;1;;;;;;Mouse;
A318;Starman;;;United States of America;America;SpaceX;1;;;;;;Mannequin;
A317;Forty Mice (#5);;;United States of America;America;;1;;;;;;Mouse;
A316;Some Mice;;;United States of America;America;;1;;;;;;Mouse;
A315;Int-Ball;;;Japan;Asia;;1;;;;;;Ball Camera Robot;
A314;Forty Mice (#4);;;United States of America;America;;1;;;;;;Mouse;
A313;Forty Mice (#3);;;United States of America;America;;1;;;;;;Mouse;
A312;OSIRIS-REx;;;United States of America;America;NASA;1;;;;;;Robotic Spacecraft;
A311;Twelve Mice (#2);;;United States of America;America;;1;;;;;;Mouse;
A310;Twenty Mice (#2);;;United States of America;America;;1;;;;;;Mouse;
A309;Twenty C57BL/6NTAC Mice;;;United States of America;America;;1;;;;;;Mouse;
A308;MINERVA-II-2;;;Japan;Asia;;1;;;;;;Asteroid Rover;
A307;Rover-1B (OWL);;;Japan;Asia;;1;;;;;;Asteroid Rover;
A306;Rover-1A (HIBOU);;;Japan;Asia;;1;;;;;;Asteroid Rover;
A305;MASCOT (Mobile Asteroid Surface Scout);;;Japan;Asia;;1;;;;;;Asteroid Rover;
A304;Twenty Mice;;;United States of America;America;;1;;;;;;Mouse;
A303;Some Paenibacillus Bacteria;;;Russia;Asia;;1;;;First Paenibacillus;;;Paenibacillus;
A302;Some Nostoc commune Cyanobacteria;;;Russia;Asia;;1;;;First Nostoc commune CCCryo 231-06;;;Nostoc commune CCCryo 231-06;
A301;Some Methanosarcina;;;Russia;Asia;;1;;;First Methanosarcina;;;Methanosarcina;
A300;Some Kombucha Bacteria/Yeast Culture;;;Russia;Asia;;1;;;First Kombucha;;;Kombucha;
A299;Some Halomonas salina Bacteria;;;Russia;Asia;;1;;;First Halomonas salina;;;Halomonas salina;
A298;Some Halococcus morrhuae salinarum Archaea;;;Russia;Asia;;1;;;First Halococcus morrhuae salinarum;;;Halococcus morrhuae salinarum;
A297;Some Gloeocapsa Cyanobacteria (#3);;;Russia;Asia;;1;;;;;;Gloeocapsa OU20;
A296;Some Gloeocapsa Cyanobacteria (#2);;;Russia;Asia;;1;;;First Gloeocapsa OU20;;;Gloeocapsa OU20;
A295;Some Deinococcus radiodurans Bacteria (#2);;;Russia;Asia;;1;;;;;;Deinococcus radiodurans;
A294;Some Deinococcus geothermalis Bacteria;;;Russia;Asia;;1;;;First Deinococcus geothermalis;;;Deinococcus geothermalis;
A293;Some Chroococcidiopsis Bacteria (#2);;;Russia;Asia;;1;;;First Chroococcidiopsis sp. CCMEE 029;;;Chroococcidiopsis sp. CCMEE 029;
A292;Some Chroococcidiopsis Bacteria (#3);;;Russia;Asia;;1;;;First Chroococcidiopsis;;;Chroococcidiopsis;
A291;Some Bacillus horneckiae Bacteria;;;Russia;Asia;;1;;;First Bacillus horneckiae;;;Bacillus horneckiae;
A290;Some Non-biting Midge Larvae;;;Russia;Asia;;1;;;First Anhydrobiotic chironomid;;;Anhydrobiotic chironomid;
A289;Some Cryomyces antarcticus Fungus;;;Russia;Asia;;1;;;First Cryomyces antarcticus;;;Cryomyces antarcticus;
A288;Some Circinaria gyrosa Lichen;;;Russia;Asia;;1;;;First Circinaria gyrosa;;;Circinaria gyrosa;
A287;Some Buellia frigida Lichen;;;Russia;Asia;;1;;;First Buellia frigida;;;Buellia frigida;
A286;Some Tadpole Shrimp;;;Russia;Asia;;1;;;First Triops cancriformis;;;Triops cancriformis;
A285;Five Mauritius Ornate Day Geckos;;;Russia;Asia;;1;;;First Mauritius Ornate Day Gecko (Phelsuma ornata);;;Mauritius Ornate Day Gecko (Phelsuma ornata);
A284;Some Fruit Flies (#15);;;Russia;Asia;;1;;;;;;Fruit Fly;
A283;Some Mushrooms of Unknown Species;;;Russia;Asia;;1;;;First Mushrooom (Species Unknown);;;Mushrooom (Species Unknown);
A282;Eight Hundred Pavement Ants;;;United States of America;America;;1;;;First Pavement Ant;;;Pavement Ant;
A281;Fargam;;;Iran;Asia;;1;;;;;;Monkey;
A280;Yutu;;;China;Asia;;1;;;;;;Lunar Rover;
A279;The Minotaur V Frog;;;United States of America;America;NASA;1;;;First Frog of Unknown Species;;;Frog of Unknown Species;
A278;Kirobo;;;Japan;Asia;;1;;;;;;Humanoid Robot;
A277;Forty-five Mice;;;Russia;Asia;;1;;;First Mouse;;;Mouse;
A276;Fifteen Thick-toed Geckos;;;Russia;Asia;;1;;;First Thick-toed Gecko;;;Thick-toed Gecko;
A275;Eight Mongolian Gerbils;;;Russia;Asia;;1;;;First Mongolian Gerbil;;;Mongolian Gerbil;
A274;Some Microorganisms of Unknown Species;;;Russia;Asia;;1;;;First Microorganisms (Species Unknown);;;Microorganisms (Species Unknown);
A273;Some Mozambique Tilapia;;;Russia;Asia;;1;;;First Mozambique Tilapia;;;Mozambique Tilapia;
A272;Twenty Burgundy Snails (Escargot);;;Russia;Asia;;1;;;First Burgundy Snail;;;Burgundy Snail;
A271;Aftab;;;Iran;no;;1;;;;;;Monkey;
A270;Some Japanese Madaka Fish;;;Russia;Asia;;1;;;First Japanese Madaka Fish;;;Japanese Madaka Fish;
A269;Nefertiti the Spidernaut;;;Japan;Asia;;1;;;First Red-back Jumping Spider;;;Red-back Jumping Spider;
A268;Curiosity;;;United States of America;America;;1;;;;;;Mars Rover;
A267;Some Tardigrades (#3);;;Russia;Asia;;1;;;;;;Tardigrade;
A266;Some Pyrococcus furiosus;;;Russia;Asia;;1;;;First Pyrococcus furiosus;;;Pyrococcus furiosus;
A265;Some Methanothermobacter wolfeii Bacteria;;;Russia;Asia;;1;;;First Methanothermobacter wolfeii;;;Methanothermobacter wolfeii;
A264;Some Hay Bacillus Bacteria (#2);;;Russia;Asia;;1;;;First Hay Bacillus (Bacillus subtilis);;;Hay Bacillus (Bacillus subtilis);
A263;Some Haloarcula marismortui Archaea;;;Russia;Asia;;1;;;First Haloarcula marismortui;;;Haloarcula marismortui;
A262;Some Deinococcus radiodurans Bacteria;;;Russia;Asia;;1;;;First Deinococcus radiodurans;;;Deinococcus radiodurans;
A261;Some Bacillus safensis Bacteria;;;Russia;Asia;;1;;;First Bacillus safensis;;;Bacillus safensis;
A260;Some Yeast (#2);;;Russia;Asia;;1;;;First Yeast (Saccharomyces cerevisiae);;;Yeast (Saccharomyces cerevisiae);
A259;Some Tardigrades (#2);;;United States of America;America;;1;;;;;;Tardigrade;
A258;Gladys;;;United States of America;America;;1;;;;;;Golden Orb Spider;
A257;Esmeralda;;;United States of America;America;;1;;;First Golden Orb Spider;;;Golden Orb Spider;
A256;Some Fruit Flies (#14);;;United States of America;America;;1;;;;;;Fruit Fly;
A255;Robotnaut 2;;;United States of America;America;;1;;;First Humanoid Robot;;;Humanoid Robot;
A254;Unknown Rodent;;;Iran;Asia;;1;;;First Rodent;;;Rodent;
A253;Two Turtles;;;Iran;Asia;;1;;;First Turtle;;;Turtle;
A252;Some Worms;;;Iran;Asia;;1;;;First Worm;;;Worm;
A251;Unknown Free-tailed Bat;;;United States of America;America;;1;;;First Bat;;;Bat;
A250;Some Synechococcus Cyanobacteria;;;Russia;Asia;;1;;;First Synechococcus;;;Synechococcus;
A249;Some Halorubrum chaoviator;;;Russia;Asia;;1;;;First Halorubrum chaoviator;;;Halorubrum chaoviator;
A248;Dextre (Special Purpose Dexterous Manipulator);;;United States of America;America;;1;;;;;;Telemanipulator;
A247;Some Hay Bacillus Bacteria;;;United States of America;America;;1;;;;;;Hay Bacillus (Bacillus subtilis);
A246;Some Halococcus dombrowskii;;;United States of America;America;;1;;;First Halococcus dombrowskii;;;Halococcus dombrowskii;
A245;Some Gloeocapsa Cyanobacteria;;;United States of America;America;;1;;;First Gloeocapsa;;;Gloeocapsa;
A244;Some Geminicoccus roseus Bacteria;;;United States of America;America;;1;;;First Geminicoccus roseus;;;Geminicoccus roseus;
A243;Some Chroococcidiopsis Bacteria;;;United States of America;America;;1;;;;;;Chroococcidiopsis;
A242;Some Acarospora (Lichenized Fungus);;;United States of America;America;;1;;;First Acarospora;;;Acarospora;
A241;Some Tardigrades;;;Russia;Asia;;1;;;;;;Tardigrade;
A240;Some Cockroaches;;;Russia;Asia;;1;;;;;;Cockroach;
A239;Nadezhda;;;Russia;Asia;;1;;;First Cockroach;;;Cockroach;
A238;Some South African Flat Rock Scorpions;;;United States of America;America;;1;;;First South African Flat Rock Scorpion;;;South African Flat Rock Scorpion;
A237;One Colony of Seed-Harvester Ants;;;United States of America;America;;1;;;First Seed-Harvester Ants;;;Seed-Harvester Ants;
A236;Some Madagascar Hissing Cockroachs;;;United States of America;America;;1;;;;;;Madagascar Hissing Cockroach;
A235;Four Madagascar Hissing Cockroaches;;;United States of America;America;;1;;;First Madagascar Hissing Cockroach;;;Madagascar Hissing Cockroach;
A234;Twenty Mexican Jumping Beans;;;United States of America;America;;1;;;First Jumping Bean Moth Larva;;;Jumping Bean Moth Larva;
A233;SuitSat (AMSAT-OSCAR 54);;;Russia;Asia;;1;;;;;;Russian Orlan Spacesuit;
A232;Opportunity;;;United States of America;America;;1;;;;;;Mars Rover;
A231;Spirit;;;United States of America;America;;1;;;;;;Mars Rover;
A230;Hayabusa;;;Japan;Asia;;1;;;;;;Robotic Spacecraft;
A229;Thirteen Sprague-Dawley Rats;;;United States of America;America;;1;;;;;;Rat;
A228;Five Silkworms and Three Cocoons;;;United States of America;America;;1;;;;;;Silkworm;
A227;Eight Orb Weaver Spiders;;;United States of America;America;;1;;;First Orb Weaver Spider;;;Orb Weaver Spider;
A226;Some Nematodes (#3);;;United States of America;America;;1;;;;;;Nematode;
A225;Fifteen Harvester Ants;;;United States of America;America;;1;;;First Harvester Ant;;;Harvester Ant;
A224;Some Fruit Flies (#13);;;United States of America;America;;1;;;;;;Fruit Fly;
A223;Three Carpenter Bees;;;United States of America;America;;1;;;First Carpenter Bee;;;Carpenter Bee;
A222;Some Snails (#2);;;United States of America;America;;1;;;;;;Snail;
A221;Four Medaka Fish Eggs;;;United States of America;America;;1;;;;;;Medaka Fish;
A220;Unknown Rabbit;;;China;Asia;;1;;;;;;Rabbit;
A219;Unknown Monkey;;;China;Asia;;1;;;;;;Monkey;
A218;Unknown Dog;;;China;Asia;;1;;;;;;Dog;
A217;Some Fruit Flies (#12);;;United States of America;America;;1;;;;;;Fruit Fly;
A216;Four Ladybugs;;;United States of America;America;;1;;;First Ladybug;;;Ladybug;
A215;Some Fruit Flies (#11);;;United States of America;America;;1;;;;;;Fruit Fly;
A214;Some Caterpillars;;;United States of America;America;;1;;;First Caterpillar;;;Caterpillar;
A213;Unknown Oyster Toadfish;;;United States of America;America;;1;;;;;;Oyster Toadfish;
A212;One Hundred Fifty-two Rats;;;United States of America;America;;1;;;;;;Rat;
A211;Eighteen Mice;;;United States of America;America;;1;;;;;;Mouse;
A210;One Thousand Five Hundred Crickets;;;United States of America;America;;1;;;First Cricket;;;Cricket;
A209;Two Hundred Twenty-nine Swordtail Fish;;;United States of America;America;;1;;;First Swordtail Fish;;;Swordtail Fish;
A208;One Hundred Thirty-Five Snails;;;United States of America;America;;1;;;;;;Snail;
A207;Four Oyster Toadfish;;;United States of America;America;;1;;;First Oyster Toadfish;;;Oyster Toadfish;
A206;Some Snails;;;United States of America;America;;1;;;First Snail;;;Snail;
A205;Some Newts (#3);;;Russia;Asia;;1;;;First Newt;;;Newt;
A204;Multik (Cartoon);;;Russia;Asia;;1;;;;;;Macaque;
A203;Lapik;;;Russia;Asia;;1;;;First Macaque;;;Macaque;
A202;Some Bacteria of Unknown Species (#2);;;Russia;Asia;;1;;;First Bacteria (Species Unknown);;;Bacteria (Species Unknown);
A201;Some Insects of Unknown Species;;;Russia;Asia;;1;;;First Insect (Species Unknown);;;Insect (Species Unknown);
A200;Some Fruit Flies (#10);;;Russia;Asia;;1;;;;;;Fruit Fly;
A199;Some Snails of Unknown Species;;;Russia;Asia;;1;;;First Snail (Species Unknown);;;Snail (Species Unknown);
A198;Sojourner;;;United States of America;America;;1;;;First Mars Rover;;;Mars Rover;
A197;Fourteen Sprague-Dawley Rats;;;United States of America;America;;1;;;;;;Rat;
A196;Twelve Sprague-Dawley Rats (#4);;;United States of America;America;;1;;;;;;Rat;
A195;Twelve Sprague-Dawley Rats (#3);;;United States of America;America;;1;;;;;;Rat;
A194;Tobacco Hornworm Pupa;;;United States of America;America;;1;;;;;;Tobacco Hornworm;
A193;Sixty Neonatal Rats;;;United States of America;America;;1;;;;;;Rat;
A192;Six Rats;;;United States of America;America;;1;;;;;;Rat;
A191;Ten Sprague-Dawley Rats (#2);;;United States of America;America;;1;;;;;;Rat;
A190;Tobacco Hornworms;;;United States of America;America;;1;;;First Tobacco Hornworm;;;Tobacco Hornworm;
A189;Some Japanese Fire Belly Newts;;;Japan;Asia;;1;;;First Japanese Fire Belly Newt;;;Japanese Fire Belly Newt;
A188;Twelve Sprague-Dawley Rats (#2);;;United States of America;America;;1;;;;;;Rat;
A187;Ten Sprague-Dawley Rats;;;United States of America;America;;1;;;;;;Rat;
A186;AstroNewt;;;United States of America;America;;1;;;;;;Newt;
A185;Moon Jellyfish;;;United States of America;America;;1;;;First Moon Jellyfish;;;Moon Jellyfish;
A184;Unknown Japanese Rice Fish;;;United States of America;America;;1;;;First Medaka Fish;;;Medaka Fish;
A183;Twelve Fisher-344 Rats (#2);;;United States of America;America;;1;;;;;;Rat;
A182;Twelve Sprague-Dawley Rats;;;United States of America;America;;1;;;;;;Rat;
A181;Forty-eight Sprague-Dawley Rats;;;United States of America;America;;1;;;;;;Rat;
A180;Sixteen Sprague-Dawley Rats (#2);;;United States of America;America;;1;;;;;;Rat;
A179;Twelve Fisher-344 Rats;;;United States of America;America;;1;;;;;;Rat;
A178;Six Albino Rats;;;United States of America;America;;1;;;;;;Rat;
A177;Some Spanish Newts;;;Russia;Asia;;1;;;First Spanish Newt;;;Spanish Newt;
A176;Fifteen Tadpoles of Unknown Species;;;Russia;Asia;;1;;;First Frog (Species Unknown);;;Frog (Species Unknown);
A175;Krosh (Tiny);;;Russia;Asia;;1;;;;;;Rhesus Monkey;
A174;Ivasha;;;Russia;Asia;;1;;;First Rhesus Monkey;;;Rhesus Monkey;
A173;Some Silkworm Larvae;;;Russia;Asia;;1;;;First Silkworm;;;Silkworm;
A172;Some Fruit Flies (#9);;;Russia;Asia;;1;;;First Fruit Fly;;;Fruit Fly;
A171;Some Desert Darkling Beetles;;;Russia;Asia;;1;;;First Desert Darkling Beetle;;;Desert Darkling Beetle;
A170;Twelve Albino Rats;;;United States of America;America;;1;;;;;;Rat;
A169;Four Frogs;;;United States of America;America;;1;;;;;;Frog;
A168;Two Japanese Koi;;;United States of America;America;;1;;;First Japanese Koi (Carp);;;Japanese Koi (Carp);
A167;Some Yeast;;;United States of America;America;;1;;;;;;Yeast (Saccharomyces cerevisiae);
A166;Some Slime Mould;;;United States of America;America;;1;;;First Physarum polycephalum;;;Physarum polycephalum;
A165;Some Escherichia coli Bacteria;;;United States of America;America;;1;;;First Escherichia coli;;;Escherichia coli;
A164;Some Bacteria of Unknown Species;;;United States of America;America;;1;;;;;;Bacteria (Species Unknown);
A163;Some Bacillus subtilis Bacteria;;;United States of America;America;;1;;;First Bacillus subtilis;;;Bacillus subtilis;
A162;Some Stick Insects (#2);;;United States of America;America;;1;;;First Stick Insect (Carausius morosus);;;Stick Insect (Carausius morosus);
A161;Some Nematodes (#2);;;United States of America;America;;1;;;First Nematode (Caenorhabditis elegans);;;Nematode (Caenorhabditis elegans);
A160;Some Fruit Flies (#8);;;United States of America;America;;1;;;;;;Fruit Fly;
A159;Eight Albino Rats;;;United States of America;America;;1;;;;;;Rat;
A158;Twenty-nine Sprague-Dawley Rats;;;United States of America;America;;1;;;;;;Rat;
A157;Two Thousand Four Hundred Seventy-eight Jellyfish;;;United States of America;America;;1;;;First Jellyfish;;;Jellyfish;
A156;Some Japanese Tree Frogs;;;Russia;Asia;;1;;;First Japanese Tree Frog;;;Japanese Tree Frog;
A155;Sixteen Sprague-Dawley Rats;;;United States of America;America;;1;;;;;;Rat;
234;Marsha S. Ivins;female;1951.04.15;United States of America;America;NASA;5;szept.55;-;;;;;
233;James D. Wetherbee;male;1952.11.27;United States of America;America;NASA;6;ápr.66;-;;;Frequent Flyer;;
232;Kathryn C. Thornton;female;1952.08.17;United States of America;America;NASA;4;jún.40;3;;;;;
231;Manley L. Carter Jr.;male;1947.08.15;United States of America;America;NASA;1;5;-;;;;;
230;Ellen S. Baker;female;1953.04.27;United States of America;America;NASA;3;28.jún;-;;;;;
229;Michael J. McCulley;male;1943.08.04;United States of America;America;NASA;1;5;-;;;;;
A154;Ten Wistar Rats (#2);;;USSR;Asia;;1;;;;;;Rat;
A153;Some Newts (#2);;;USSR;Asia;;1;;;;;;Newt;
A152;Zhakonya;;;USSR;Asia;;1;;;;;;Rhesus Macaque;
A151;Zabiyaka;;;USSR;Asia;;1;;;;;;Rhesus Macaque;
A150;Some Protozoans;;;USSR;Asia;;1;;;First Protozoan;;;Protozoan;
A149;Some Fruit Flies (#7);;;USSR;Asia;;1;;;;;;Fruit Fly;
A148;Some Earthworms;;;USSR;Asia;;1;;;First Earthworm;;;Earthworm;
A147;Some Ants;;;USSR;Asia;;1;;;First Ant;;;Ant;
A146;Some Fish of Unknown Species;;;USSR;Asia;;1;;;First Fish (Species Unknown);;;Fish (Species Unknown);
228;Mark N. Brown;male;1951.11.18;United States of America;America;NASA;2;04.okt;-;;;;;
227;James C. Adamson;male;1946.03.03;United States of America;America;NASA;2;13.szept;-;;;;;
226;Richard N. Richards;male;1946.08.24;United States of America;America;NASA;4;szept.33;-;;;;;
225;Mark C. Lee;male;1952.08.14;United States of America;America;NASA;4;szept.32;4;;;;;
A145;Four Long-Evans Rats;;;United States of America;America;;1;;;;;;Rat;
224;James P. Bagian;male;1952.02.22;United States of America;America;NASA;2;14.jan;-;;;;;
223;Robert C. Springer;male;1955.10.22;United States of America;America;NASA;2;09.szept;-;;;;;
222;John E. Blaha;male;1955.11.04;United States of America;America;NASA;5;161.1;-;;;;;
221;William M. Shepherd;male;1947.03.24;United States of America;America;NASA;4;159.3;-;;;;;
220;Guy S. Gardner;male;1954.02.14;United States of America;America;NASA;2;13.márc;-;;;;;
219;Sergei Krikalev;male;1948.10.01;USSR;Asia;CCCP;6;803.4;8;;;Elite Spacewalker;;
218;Abdul Ahad Mohmand;male;1951.04.06;Afghanistan;Asia;CCCP;1;09.aug;-;;First Man from Afghanistan;;;
217;Valeri Polyakov;male;1952.10.31;USSR;Asia;CCCP;2;678.7;-;;;Elite Spaceflyer;;
216;Aleksandr P. Aleksandrov;male;1948.06.18;Bulgaria;Europe;Roscosmos;1;08.szept;2;;;;;
215;Anatoly Solovyev;male;1951.01.12;USSR;Asia;CCCP;5;651;16;;;Elite Spacewalker;;
214;Anatoli Levchenko;male;1949.03.30;USSR;Asia;CCCP;1;09.júl;-;;;;;
213;Musa Manarov;male;1951.03.22;USSR;Asia;CCCP;2;541;7;;;Elite Spaceflyer;;
A144;Ten Wistar Rats;;;USSR;Asia;;1;;;;;;Rat;
A143;Some Newts;;;USSR;Asia;;1;;;;;;Newt;
A142;Unknown Asiatic Salamander;;;USSR;Asia;;1;;;First Asiatic Salamander;;;Asiatic Salamander;
A141;Yerosha;;;USSR;Asia;;1;;;;;;Monkey;
A140;Dryoma;;;USSR;Asia;;1;;;;;;Monkey;
A139;Some Grasshoppers;;;USSR;Asia;;1;;;First Grasshopper;;;Grasshopper;
A138;Some Fruit Flies (#6);;;USSR;Asia;;1;;;;;;Fruit Fly;
A137;Some Beetles;;;USSR;Asia;;1;;;First Beetle;;;Beetle;
A136;Some Guppies (#2);;;USSR;Asia;;1;;;;;;Guppy;
212;Muhammed Faris;male;1951.05.26;Syria;Asia;CCCP;1;8;-;;First Man from Syria;;;
211;Aleksandr Viktorenko;male;1947.05.30;USSR;Asia;CCCP;4;489.1;6;;;Elite Spaceflyer;;
210;Aleksandr Laveykin;male;1953.07.17;USSR;Asia;CCCP;1;174.1;3;;;;;
209;S. Christa McAuliffe;female;1952.10.15;United States of America;America;NASA;1;-;-;;;;;
208;Gregory B. Jarvis;male;1951.03.31;United States of America;America;NASA;1;-;-;;;;;
207;Michael J. Smith;male;1954.04.10;United States of America;America;NASA;1;-;-;;;;;
206;Robert J. Cenker;male;1952.09.18;United States of America;America;NASA;1;01.jún;-;;;;;
205;Clarence W. Nelson II;female;1947.11.08;United States of America;America;NASA;1;01.jún;-;;;;;
204;Franklin R. Chang Diaz;male;1951.08.25;United States of America;America;NASA;7;aug.66;3;;;Frequent Flyer;;
203;Charles F. Bolden Jr.;male;1954.03.05;United States of America;America;NASA;4;28.ápr;-;;;;;
202;Rodolfo Neri Vela;male;1947.09.24;Mexico;America;NASA;1;09.jún;-;;First Man from Mexico;;;
201;Sherwood C. Spring;male;1954.11.22;United States of America;America;NASA;1;09.jún;2;;;;;
200;Mary L. Cleave;female;1951.04.24;United States of America;America;NASA;2;09.okt;-;;;;;
199;Jerry L. Ross;male;1947.02.17;United States of America;America;NASA;7;58;9;;;Elite Spacewalker;;
198;Bryan D. O'Connor;male;1946.09.06;United States of America;America;NASA;2;16;-;;;;;
A135;Some Tadpoles of Unknown Species;;;United States of America;America;;1;;;;;;Frog (Species Unknown);
A134;Some Paramecia of Unknown Species;;;United States of America;America;;1;;;First Paramecium;;;Paramecium;
A133;Some E. coli Bacteria;;;United States of America;America;;1;;;First E. coli;;;E. coli;
A132;Some Stick Insects;;;United States of America;America;;1;;;First Stick Insect;;;Stick Insect;
A131;Some Fruit Flies (#5);;;United States of America;America;;1;;;;;;Fruit Fly;
197;Wubbo Ockels;male;1952.11.23;Netherlands;Europe;ESA;1;7;-;;First Man from Netherlands;;;
196;Ernst Messerschmid;male;1946.03.25;Germany;Europe;DLR;1;7;-;;;;;
195;Reinhard Furrer;male;1950.02.11;Germany;Europe;DLR;1;7;-;;;;;
194;Bonnie J. Dunbar;male;1955.04.04;United States of America;America;NASA;5;ápr.50;-;;;;;
193;William A. Pailes;male;1954.02.28;United States of America;America;NASA;1;09.dec;-;;;;;
192;David C. Hilmers;male;1951.11.29;United States of America;America;NASA;4;20.jún;-;;;;;
191;Ronald J. Grabe;male;1953.04.19;United States of America;America;NASA;4;178;-;;;;;
190;Aleksandr A. Volkov;male;1949.08.13;USSR;Asia;CCCP;3;391.5;2;;;Elite Spaceflyer;;
189;Vladimir Vasyutin;male;1951.11.06;USSR;Asia;CCCP;1;szept.64;-;;;;;
188;William F. Fisher;male;1946.12.12;United States of America;America;NASA;1;01.júl;2;;;;;
187;John M. Lounge;male;1947.05.27;United States of America;America;NASA;3;20.jan;-;;;;;
186;Richard O. Covey;male;1949.06.18;United States of America;America;NASA;4;26.szept;-;;;;;
185;John-David F. Bartoe;male;1949.06.02;United States of America;America;NASA;1;09.júl;-;;;;;
184;Loren W. Acton;male;1954.01.27;United States of America;America;NASA;1;09.júl;-;;;;;
183;Anthony W. England;male;1949.06.16;United States of America;America;NASA;1;09.júl;-;;;;;
182;Karl G. Henize;male;1947.11.25;United States of America;America;NASA;1;09.júl;-;;;;;
181;Roy D. Bridges Jr.;male;1943.08.19;United States of America;America;NASA;1;8;-;;;;;
A130;Ten Rats;;;USSR;Asia;;1;;;;;;Rat;
A129;Ten Newts;;;USSR;Asia;;1;;;;;;Newt;
A128;Oomka;;;USSR;Asia;;1;;;;;;Rhesus Macaque;
A127;Gordy;;;USSR;Asia;;1;;;First Rhesus Macaque;;;Rhesus Macaque;
A126;Fifteen Hundred Fruit Flies;;;USSR;Asia;;1;;;;;;Fruit Fly;
A125;Some Guppies;;;USSR;Asia;;1;;;First Guppy;;;Guppy;
180;Sultan bin Salman Al Saud;male;1956.07.27;Saudi Arabia;Asia;NASA;1;01.júl;-;;First Man from Saudi Arabia;;;
179;Patrick Baudry;male;1946.03.06;France;Europe;CNES;1;01.júl;-;;;;;
178;Shannon W. Lucid;female;1946.08.09;United States of America;America;NASA;5;223.1;-;;;;;
177;Steven R. Nagel;male;1951.02.10;United States of America;America;NASA;4;30.jan;-;;;;;
176;John O. Creighton;male;1951.03.23;United States of America;America;NASA;3;16.szept;-;;;;;
A124;Twenty-four Albino Rats;;;United States of America;America;;1;;;;;;Rat;
A123;No. 384-80;;;United States of America;America;;1;;;;;;Squirrel Monkey;
A122;No. 3165;;;United States of America;America;;1;;;;;;Squirrel Monkey;
175;Taylor G. Wang;male;1940.06.16;United States of America;America;NASA;1;7;-;;;;;
174;Lodewijk van den Berg;male;1932.03.24;United States of America;America;NASA;1;7;-;;;;;
173;Don L. Lind;male;1930.05.18;United States of America;America;NASA;1;7;-;;;;;
172;Frederick D. Gregory;male;1941.01.07;United States of America;America;NASA;3;19;-;;;;;
171;Jake Garn;male;1932.10.12;United States of America;America;NASA;1;7;-;;;;;
170;Jeffrey A. Hoffman;male;1944.11.02;United States of America;America;NASA;5;máj.50;4;;;;;
169;S. David Griggs;male;1936.06.10;United States of America;America;NASA;1;7;1;;;;;
168;Margaret R. Seddon;female;1945.08.24;United States of America;America;NASA;3;30.jan;-;;;;;
167;Donald E. Williams;male;1940.10.11;United States of America;America;NASA;2;12;-;;;;;
166;Gary E. Payton;male;1941.03.30;United States of America;America;NASA;1;01.márc;-;;;;;
165;James F. Buchli;male;1939.05.23;United States of America;America;NASA;4;20.ápr;-;;;;;
164;Ellison S. Onizuka;female;1936.11.13;United States of America;America;NASA;2;01.márc;-;;;;;
163;Loren J. Shriver;female;1945.09.13;United States of America;America;NASA;3;16.jan;-;;;;;
162;Anna L. Fisher;female;1941.03.26;United States of America;America;NASA;1;8;-;;;;;
161;David M. Walker;male;1941.03.31;United States of America;America;NASA;4;febr.30;-;;;;;
160;Marc Garneau;male;1942.01.31;Canada;America;CSA;3;29.jan;-;;First Man from Canada;;;
159;Paul D. Scully-Power;male;1945.07.19;United States of America;America;NASA;1;02.aug;-;;First Man from Australia;;;
158;David C. Leestma;male;1940.06.10;United States of America;America;NASA;3;22.febr;1;;;;;
157;Kathryn D. Sullivan;female;1943.12.10;United States of America;America;NASA;3;22.febr;1;;;;;
156;Jon A. McBride;male;1942.03.13;United States of America;America;NASA;1;02.aug;-;;;;;
155;Charles D. Walker;male;1944.06.01;United States of America;America;NASA;3;24.febr;-;;;;;
154;Judith A. Resnik;female;1944.11.30;United States of America;America;NASA;2;6;-;;;;;
153;Steven A. Hawley;male;1940.11.26;United States of America;America;NASA;5;jan.32;-;;;;;
152;Richard M. Mullane;male;1941.05.07;United States of America;America;NASA;3;14.aug;-;;;;;
151;Michael L. Coats;male;1946.01.16;United States of America;America;NASA;3;19.márc;-;;;;;
150;Igor Volk;male;1937.04.12;USSR;Asia;CCCP;1;08.nov;-;;;;;
A121;Three Thousand Four-hundred Bees;;;United States of America;America;;1;;;First Bee;;;Bee;
149;George D. Nelson;male;1950.05.13;United States of America;America;NASA;3;17.jan;2;;;;;
148;James D. van Hoften;male;1951.05.07;United States of America;America;NASA;2;14.jan;4;;;;;
147;Terry J. Hart;female;1953.06.12;United States of America;America;NASA;1;7;-;;;;;
146;Francis R. Scobee;male;1944.05.12;United States of America;America;NASA;2;7;-;;;;;
145;Rakesh Sharma;male;1955.01.15;India;Asia;CCCP;1;09.júl;-;;First Man from India;;;
144;Oleg Atkov;male;1947.09.15;USSR;Asia;CCCP;1;237;-;;;;;
143;Vladimir Solovyov;male;1963.10.20;USSR;Asia;CCCP;2;362;8;;;Frequent Walker;;
A120;Six Lewis Wistar Rats;;;United States of America;America;;1;;;;;;Rat;
142;Ronald E. McNair;male;1937.01.31;United States of America;America;NASA;2;06.dec;-;;;;;
141;Robert L. Stewart;male;1945.01.01;United States of America;America;NASA;2;12;2;;;;;
140;Bruce McCandless II;male;1950.04.17;United States of America;America;NASA;2;13;2;;;;;
139;Robert L. Gibson;male;1946.10.30;United States of America;America;NASA;5;29.máj;-;;;;;
A119;Ten Pregnant Wistar Rats;;;USSR;Asia;;1;;;;;;Rat;
A118;Bion;;;USSR;Asia;;1;;;;;;Monkey;
A117;Abrek;;;USSR;Asia;;1;;;First Monkey;;;Monkey;
A116;Some Neurospora Fungus;;;United States of America;America;;1;;;First Neurospora;;;Neurospora;
138;Byron K. Lichtenberg;male;1945.08.19;United States of America;America;NASA;2;19.febr;-;;;;;
137;Ulf Merbold;male;1940.04.13;Germany;Europe;ESA;3;szept.49;-;;;;;
136;Robert A. Parker;male;1936.12.14;United States of America;America;NASA;2;19.márc;-;;;;;
135;Brewster H. Shaw Jr.;male;1948.04.14;United States of America;America;NASA;3;22.febr;-;;;;;
A115;Six Wistar Rats;;;United States of America;America;;1;;;;;;Rat;
134;William E. Thornton;male;1940.08.26;United States of America;America;NASA;2;13.jan;-;;;;;
133;Dale A. Gardner;male;1949.02.05;United States of America;America;NASA;2;14;2;;;;;
132;Guion S. Bluford Jr.;male;1944.06.01;United States of America;America;NASA;4;28.júl;-;;First African American Man in Space;;;
131;Daniel C. Brandenstein;male;1937.10.14;United States of America;America;NASA;4;szept.32;-;;;;;
130;Alexander P. Aleksandrov;male;1939.12.06;USSR;Asia;CCCP;2;309.8;-;;;;;
129;Norman E. Thagard;male;1938.11.27;United States of America;America;NASA;5;140.6;-;;;;;
128;Sally Ride;female;1946.04.14;United States of America;America;NASA;2;14.márc;-;;First Woman from USA;;;
127;John M. Fabian;male;1940.03.07;United States of America;America;NASA;2;13.febr;-;;;;;
126;Frederick H. Hauck;male;1949.03.06;United States of America;America;NASA;3;18.jan;-;;;;;
125;Vladimir G. Titov;male;1947.05.20;USSR;Asia;CCCP;5;378;4;;;Elite Spaceflyer;;
124;Donald H. Peterson;male;1944.12.13;United States of America;America;NASA;1;5;1;;;;;
123;F. Story Musgrave;male;1939.09.09;United States of America;America;NASA;6;ápr.53;4;;;Frequent Flyer;;
122;Karol J. Bobko;female;1935.11.11;United States of America;America;NASA;3;16.jan;-;;;;;
121;William B. Lenoir;male;1939.11.05;United States of America;America;NASA;1;01.máj;-;;;;;
120;Joseph P. Allen;male;1950.04.27;United States of America;America;NASA;2;13.jan;2;;;;;
119;Robert F. Overmyer;male;1935.02.09;United States of America;America;NASA;2;01.dec;-;;;;;
118;Svetlana Savitskaya;male;1935.03.15;USSR;Asia;CCCP;2;19.júl;1;;;;;
117;Aleksandr Serebrov;male;1948.01.23;USSR;Asia;CCCP;4;373;10;;;Frequent Walker;;
116;Henry W. Hartsfield Jr.;male;1939.08.10;United States of America;America;NASA;3;20.jan;-;;;;;
115;Jean-Loup Chrtien;male;1942.09.22;France;Europe;CNES;3;máj.43;1;;First Man from France;;;
114;Anatoly Berezovoy;male;1950.05.31;USSR;Asia;CCCP;1;211.4;1;;;;;
113;C. Gordon Fullerton;male;1936.10.11;United States of America;America;NASA;2;16;-;;;;;
112;Richard H. Truly;male;1936.09.28;United States of America;America;NASA;2;03.aug;-;;;;;
111;Dumitru D. Prunariu;male;1936.01.29;Romania;Europe;CCCP;1;09.júl;-;;First Man from Romania;;;
110;Robert L. Crippen;male;1944.05.18;United States of America;America;NASA;4;12;-;;;;;
109;Jogderdemidiin Gorragchaa;male;1945.04.20;Mongolia;Asia;CCCP;1;09.júl;-;;First Man from Mongolia;;;
108;Viktor Savinykh;male;1944.12.02;USSR;Asia;CCCP;3;196.7;1;;;;;
107;Gennadi Strekalov;male;1948.03.06;USSR;Asia;CCCP;6;268.9;6;;;Frequent Flyer;;
106;Leonid Kizim;male;1937.03.22;USSR;Asia;CCCP;3;374.7;8;;;Frequent Walker;;
105;Arnaldo T. Mndez;male;1936.05.15;Cuba;America;CCCP;1;09.júl;-;;First Man from Cuba;;;
104;Phaum Tuin;male;1943.10.01;Vietnam;Asia;CCCP;1;09.júl;-;;First Man from Vietnam;;;
103;Yury V. Malyshev;male;1945.02.25;USSR;Asia;CCCP;2;08.nov;-;;;;;
102;Bertalan Farkas;male;1949.08.02;Hungary;Europe;CCCP;1;09.júl;-;;First Man from Hungary;;;
101;Leonid Popov;male;1941.10.27;USSR;Asia;CCCP;3;200.6;-;;;;;
A114;Some Rats;;;USSR;Asia;;1;;;;;;Rat;
100;Georgi Ivanov;male;1937.03.20;Bulgaria;Europe;Roscosmos;1;2;-;;First Man from Bulgaria;;;
99;Vladimir Lyakhov;male;1935.01.05;USSR;Asia;CCCP;3;333.3;3;;;;;
98;Sigmund John;male;1942.12.11;Germany;Europe;CCCP;1;09.júl;-;;First Man from Germany;;;
97;Miroslaw Hermaszewski;male;1937.05.27;Poland;Europe;CCCP;1;09.júl;-;;First Man from Poland;;;
96;Aleksandr Ivanchenkov;male;1950.04.11;USSR;Asia;CCCP;2;147.5;1;;;;;
95;Vladimir Remek;male;1948.09.26;Czechoslovakia;Europe;CCCP;1;09.júl;-;;First Man from Czechoslovakia;;;
94;Vladimir Dzhanibekov;male;1944.02.22;USSR;Asia;CCCP;5;145.7;2;;;;;
93;Yury Romanenko;male;1935.06.18;USSR;Asia;CCCP;3;430.8;4;;;Elite Spaceflyer;;
92;Valery Ryumin;male;1939.12.20;USSR;Asia;CCCP;4;371.7;1;;;;;
91;Vladimir Kovalyonok;male;1942.03.03;USSR;Asia;CCCP;3;216.4;1;;;;;
A113;Thirty Wistar Rats;;;USSR;Asia;;1;;;;;;Rat;
A112;Some Fruit Flies (#4);;;USSR;Asia;;1;;;;;;Fruit Fly;
90;Yury Glazkov;male;1933.04.02;USSR;Asia;CCCP;1;17.júl;-;;;;;
89;Valery Rozhdestvensky;male;1939.10.01;USSR;Asia;CCCP;1;2;-;;;;;
88;Vyacheslav Zudov;male;1937.11.03;USSR;Asia;CCCP;1;2;-;;;;;
87;Vladimir Aksyonov;male;1937.07.30;USSR;Asia;CCCP;2;08.nov;-;;;;;
86;Vitaly Zholobov;male;1929.12.23;USSR;Asia;CCCP;1;márc.49;-;;;;;
A111;Some Tortoises (#3);;;USSR;Asia;;1;;;;;;Tortoise;
A110;Unknown Zebrafish;;;USSR;Asia;;1;;;First Zebrafish;;;Zebrafish;
A109;Twenty-five Wistar Rats;;;USSR;Asia;;1;;;;;;Rat;
A108;Some Tortoises (#2);;;USSR;Asia;;1;;;;;;Tortoise;
A107;Some Fruit Flies (#3);;;USSR;Asia;;1;;;;;;Fruit Fly;
A106;Some Mummichogs (#3);;;USSR;Asia;;1;;;First Mummichog;;;Mummichog;
A105;Some Tortoises;;;USSR;Asia;;1;;;;;;Tortoise;
85;Donald K. Slayton;male;1924.03.01;United States of America;America;NASA;1;01.szept;-;;;;;
84;Vance D. Brand;male;1931.05.09;United States of America;America;NASA;4;31.jan;-;;;;;
A104;Some Mummichogs (#2);;;United States of America;America;;1;;;;;;Mummichog;
83;Georgy Grechko;male;1926.02.27;USSR;Asia;CCCP;3;134.9;1;;;;;
82;Aleksei Gubarev;male;1930.12.12;USSR;Asia;CCCP;2;máj.37;-;;;;;
A103;Some Albino Rats;;;USSR;Asia;;1;;;;;;Rat;
81;Lev Dyomin;male;1926.01.11;USSR;Asia;CCCP;1;2;-;;;;;
80;Gennadi Sarafanov;male;1932.11.30;USSR;Asia;CCCP;1;2;-;;;;;
79;Yury Artyukhin;male;1936.06.19;USSR;Asia;CCCP;1;15.júl;-;;;;;
78;Valentin Lebedev;male;1927.04.15;USSR;Asia;CCCP;2;219.2;1;;;;;
77;Pyotr Klimuk;male;1935.02.02;USSR;Asia;CCCP;3;aug.78;-;;;;;
76;William R. Pogue;male;1934.04.11;United States of America;America;NASA;1;jan.84;2;;;;;
75;Edward G. Gibson;male;1934.05.19;United States of America;America;NASA;1;jan.84;3;;;;;
74;Gerald P. Carr;male;1932.08.22;United States of America;America;NASA;1;jan.84;3;;;;;
A102;Several Dozen Rats;;;USSR;Asia;;1;;;;;;Rat;
A101;Six Russian Tortoises;;;USSR;Asia;;1;;;First Russian Tortoise;;;Russian Tortoise;
A100;Bacterial Spores of Unknown Species;;;USSR;Asia;;1;;;;;;Bacteria (Species Unknown);
A99;Some Flour Beetles;;;USSR;Asia;;1;;;First Flour Beetle;;;Flour Beetle;
73;Oleg G. Makarov;male;1932.08.31;USSR;Asia;CCCP;4;20.júl;-;;;;;
72;Vasily Lazarev;male;1936.04.10;USSR;Asia;CCCP;2;2;-;;;;;
71;Jack R. Lousma;male;1930.08.27;United States of America;America;NASA;2;máj.67;2;;;;;
70;Owen K. Garriott;male;1927.10.12;United States of America;America;NASA;2;aug.69;3;;;;;
A98;Some Pocket Mice;;;United States of America;America;;1;;;;;;Pocket Mouse;
A97;Arabella;;;United States of America;America;;1;;;;;;Cross (Garden) Spider;
A96;Anita;;;United States of America;America;;1;;;First Cross (Garden) Spider;;;Cross (Garden) Spider;
A95;Some Mummichogs;;;United States of America;America;;1;;;;;;Mummichog;
69;Paul J. Weitz;male;1933.01.01;United States of America;America;NASA;2;jan.33;2;;;;;
68;Joseph P. Kerwin;male;1931.09.12;United States of America;America;NASA;1;28;1;;;;;
A94;Lunokhod 2;;;USSR;Asia;;1;;;;;;Lunar Rover;
A93;Phooey;;;United States of America;America;;1;;;;;;Pocket Mouse;
A92;Fum;;;United States of America;America;;1;;;;;;Pocket Mouse;
A91;Forty Mice (#2);;;United States of America;America;;1;;;;;;Pocket Mouse;
A90;Fi;;;United States of America;America;;1;;;;;;Pocket Mouse;
A89;Fe;;;United States of America;America;;1;;;First Pocket Mouse;;;Pocket Mouse;
67;Harrison H. Schmitt;male;1934.11.07;United States of America;America;NASA;1;06.dec;4;;;Moonwalker;;
66;Ronald E. Evans Jr.;male;1930.06.22;United States of America;America;NASA;1;8;1;;;;;
A88;Some Nematodes;;;United States of America;America;;1;;;First Nematode;;;Nematode;
65;Charles M. Duke Jr.;male;1935.10.03;United States of America;America;NASA;1;01.nov;4;;;Moonwalker;;
64;Thomas K. Mattingly II;male;1925.09.04;United States of America;America;NASA;3;21.febr;1;;;;;
63;James B. Irwin;male;1934.02.16;United States of America;America;NASA;1;03.dec;4;;;Moonwalker;;
62;Alfred M. Worden;male;1931.06.08;United States of America;America;NASA;1;03.dec;1;;;;;
61;Viktor Patsayev;male;1926.12.23;USSR;Asia;CCCP;1;23.aug;-;;;;;
60;Georgy Dobrovolsky;male;1928.11.14;USSR;Asia;CCCP;1;23.aug;-;;;;;
59;Nikolay Rukavishnikov;male;1933.02.19;USSR;Asia;CCCP;3;09.szept;-;;;;;
58;Edgar D. Mitchell;male;1931.10.30;United States of America;America;NASA;1;9;2;;;Moonwalker;;
57;Stuart A. Roosa;male;1929.04.17;United States of America;America;NASA;1;9;-;;;;;
A87;Lunokhod 1;;;USSR;Asia;;1;;;First Lunar Rover;;;Lunar Rover;
A86;Two Bullfrogs;;;United States of America;America;;1;;;First Bullfrog;;;Bullfrog;
56;Vitaly Sevastyanov;male;1935.11.09;USSR;Asia;CCCP;2;júl.80;-;;;;;
55;Fred W. Haise Jr.;male;1932.12.08;United States of America;America;NASA;1;6;-;;;;;
54;John L. Swigert Jr.;male;1934.09.04;United States of America;America;NASA;1;6;-;;;;;
A85;Unknown Tufted Capuchin;;;Argentina;no;;1;;;;;;Tufted Capuchin;
A84;Juan;;;Argentina;no;;1;;;First Tufted Capuchin;;;Tufted Capuchin;
53;Alan L. Bean;male;1930.01.05;United States of America;America;NASA;2;júl.69;3;;;Moonwalker;;
52;Viktor Gorbatko;male;1926.10.05;USSR;Asia;CCCP;3;30.máj;-;;;;;
51;Vladislav Volkov;male;1936.12.15;USSR;Asia;CCCP;2;28.júl;-;;;;;
50;Anatoly Filipchenko;male;1927.09.23;USSR;Asia;CCCP;2;09.okt;-;;;;;
49;Valeri Kubasov;male;1930.11.22;USSR;Asia;CCCP;3;18.júl;-;;;;;
48;Georgy Shonin;male;1935.10.29;USSR;Asia;CCCP;1;09.ápr;-;;;;;
A83;Four Steppe Tortoises;;;USSR;Asia;CCCP;1;;;First Steppe Tortoise  (Agrionemys horsfieldii);;;Steppe Tortoise  (Agrionemys horsfieldii);
A82;FM-2 Yuri Mannequin;;;USSR;Asia;CCCP;3;;;;;;Tissue-Equivalent Phantom Mannequin;
A81;Bonnie;;;United States of America;America;;1;;;First Pig-tailed Macaque;;;Pig-tailed Macaque;
47;Russell L. Schweickart;male;1936.08.31;United States of America;America;NASA;1;10;1;;;;;
46;Yevgeny Khrunov;male;1932.01.02;USSR;Asia;CCCP;1;2;1;;;;;
45;Aleksei Yeliseyev;male;1929.09.03;USSR;Asia;CCCP;3;09.aug;1;;;;;
44;Boris Volynov;male;1925.12.25;USSR;Asia;CCCP;2;márc.52;-;;;;;
43;Vladimir Shatalov;male;1930.10.02;USSR;Asia;CCCP;3;09.szept;-;;;;;
42;William A. Anders;male;1931.08.24;United States of America;America;NASA;1;01.jún;-;;;;;
41;Georgy Beregovoy;male;1936.09.12;USSR;Asia;CCCP;1;4;-;;;;;
40;Walter Cunningham;male;1931.01.21;United States of America;America;NASA;1;08.okt;-;;;;;
39;Donn F. Eisele;male;1930.06.23;United States of America;America;NASA;1;08.okt;-;;;;;
A80;Two Tortoises;;;USSR;Asia;;1;;;First Tortoise;;;Tortoise;
38;Michael J. Adams;male;1932.04.05;United States of America;America;NASA;1;-;-;;;;;
37;William J. Knight;male;1936.08.20;United States of America;America;NASA;1;-;-;;;;;
A79;Pierrette;;;France;Europe;;1;;;;;;Pig-tailed Macaque;
A78;Martine;;;France;Europe;;1;;;;;;Pig-tailed Macaque;
36;Buzz Aldrin;male;1930.01.20;United States of America;America;NASA;2;01.dec;4;;;Moonwalker;;
35;William H. Dana;male;1933.05.26;United States of America;America;NASA;2;-;-;;;;;
34;Richard F. Gordon Jr.;male;1935.11.28;United States of America;America;NASA;2;13.febr;2;;;;;
33;Michael Collins;male;1925.06.05;United States of America;America;NASA;2;01.nov;2;;;;;
A77;Shanshan;;;China;Asia;;1;;;;;;Dog;
A76;Xiao Bao (Little Leopard);;;China;Asia;;1;;;;;;Dog;
32;Eugene A. Cernan;male;1925.06.05;United States of America;America;NASA;3;23.jún;4;;;Moonwalker;;
31;David R. Scott;male;1928.05.07;United States of America;America;NASA;3;22.aug;5;;;Moonwalker;;
30;Neil A. Armstrong;male;1930.08.05;United States of America;America;NASA;2;06.aug;1;;;Moonwalker;;
A75;Veterok (Little Wind);;;USSR;Asia;;1;;;;;;Dog;
A74;Ugolyok (Little Piece of Coal);;;USSR;Asia;;1;;;;;;Dog;
29;Thomas P. Stafford;male;1934.07.23;United States of America;America;NASA;4;21.febr;-;;;;;
28;James A. Lovell Jr.;male;1932.05.01;United States of America;America;NASA;4;29.aug;-;;;;;
27;Frank Borman;male;1934.10.24;United States of America;America;NASA;2;19.szept;-;;;;;
26;John B. McKay;male;1935.07.22;United States of America;America;NASA;1;-;-;;;;;
25;Charles Conrad Jr.;male;1931.07.06;United States of America;America;NASA;4;febr.49;4;;;Moonwalker;;
24;Joe H. Engle;male;1933.03.07;United States of America;America;NASA;5;04.szept;-;;;;;
23;Edward H. White II;male;1931.03.19;United States of America;America;NASA;1;01.ápr;1;;;;;
22;James A. McDivitt;male;1934.03.01;United States of America;America;NASA;2;15.szept;-;;;;;
21;John W. Young;male;1931.01.06;United States of America;America;NASA;6;aug.34;3;;;Moonwalker;;
20;Alexei Leonov;male;1926.10.29;USSR;Asia;CCCP;2;7;1;;;;;
19;Pavel Belyayev;male;1932.02.25;USSR;Asia;CCCP;1;01.jan;-;;;;;
18;Boris Yegorov;male;1929.06.04;USSR;Asia;CCCP;1;1;-;;;;;
17;Konstantin Feoktistov;male;1930.04.25;USSR;Asia;CCCP;1;1;-;;;;;
16;Vladimir Komarov;male;1927.03.16;USSR;Asia;CCCP;2;01.febr;-;;;;;
A73;Flicette;;;France;Europe;;1;;;First Cat;;;Cat;
15;Robert A. Rushworth;male;1921.05.28;United States of America;America;NASA;1;-;-;;;;;
14;Valentina Tereshkova;female;1929.09.27;USSR;Asia;CCCP;1;3;-;;First Woman from USSR;;;
13;Valery Bykovsky;male;1927.08.23;USSR;Asia;CCCP;3;20.júl;-;;;;;
12;L. Gordon Cooper Jr.;male;1923.09.28;United States of America;America;NASA;2;04.szept;-;;;;;
11;Joseph A. Walker;male;1921.02.20;United States of America;America;NASA;3;<.1;-;;;;;
A72;Rat RC268: Pollux;;1924.01.19;France;Europe;;1;;;;;;Rat;
A71;Rat RC271: Castor;;1929.10.12;France;Europe;;1;;;;;;Rat;
10;Walter M. Schirra Jr.;male;1934.01.21;United States of America;America;NASA;3;03.dec;-;;;;;
9;Pavel Popovich;male;1931.07.27;USSR;Asia;CCCP;2;18.júl;-;;;;;
8;Andriyan Nikolayev;male;1925.04.21;USSR;Asia;CCCP;2;21.jún;-;;;;;
7;Robert M. White;male;1925.07.06;United States of America;America;NASA;1;-;-;;;;;
6;M. Scott Carpenter;male;1925.05.01;United States of America;America;NASA;1;0.2;-;;;;;
5;John H. Glenn Jr.;male;1921.07.18;United States of America;America;NASA;2;10;-;;;;;
A70;Enos;;;United States of America;America;;1;;;;;;Chimpanzee;
4;Gherman Titov;male;1935.09.11;USSR;Asia;CCCP;1;01.jan;-;;;;;
3;Virgil I. Grissom;male;1926.04.03;United States of America;America;NASA;2;0.2;-;;;;;
2;Alan B. Shepard Jr.;male;1923.11.18;United States of America;America;NASA;2;9;2;;First Man from USA;Moonwalker;;
1;Yuri Gagarin;male;1934.03.09;USSR;Asia;CCCP;1;<.1;-;;First Man from USSR;First Human in Space;;
A69;Zvezdochka (Little Star);;;USSR;Asia;;1;;;;;;Dog;
A68;Ivan Ivanovich;;;USSR;Asia;;2;;;First Mannequin;;;Mannequin;
A67;Eighty Mice;;;USSR;Asia;;1;;;;;;Mouse;
A66;Unknown Guinea Pig;;;USSR;Asia;;1;;;First Guinea Pig;;;Guinea Pig;
A65;Some Frogs;;;USSR;Asia;;1;;;First Frog;;;Frog;
A64;Chernushka (Blackie);;;USSR;Asia;;1;;;;;;Dog;
A63;Rat RC139: Hector;;;France;Europe;;1;;;;;;Rat;
A62;Ham;;;United States of America;America;;1;;;First Chimpanzee;;;Chimpanzee;
A61;Shutka (Joe);;;USSR;Asia;;1;;;;;;Dog;
A60;Kometa (Comet);;;USSR;Asia;;1;;;;;;Dog;
A59;Sally;;;United States of America;America;;1;;;;;;Mouse;
A58;Moe;;;United States of America;America;;1;;;;;;Mouse;
A57;Amy;;;United States of America;America;;1;;;;;;Mouse;
A56;Neva;;;USSR;Asia;;1;;;;;;Dog;
A55;Two Rats;;;USSR;Asia;;1;;;First Rat;;;Rat;
A54;A Gray Rabbit of Unknown Species;;;USSR;Asia;;1;;;;;;Rabbit;
A53;Forty Mice;;;USSR;Asia;;1;;;;;;Mouse;
A52;Some Fruit Flies in Flasks;;;USSR;Asia;;1;;;;;;Fruit Fly;
A51;Strelka (Little Arrow);;;USSR;Asia;;1;;;;;;Dog;
A50;Malek;;;USSR;Asia;;2;;;;;;Dog;
A49;Miss Sam;;;United States of America;America;;1;;;;;;Rhesus Macaque;
A48;Twelve Mice;;;United States of America;America;;1;;;;;;Mouse;
A47;Two Frogs of Unknown Species;;;United States of America;America;;1;;;;;;Frog (Species Unknown);
A46;Marfusa;;;USSR;Asia;;1;;;First Rabbit;;;Rabbit;
A45;Snezhinka/Zhemchuznaya (Pearly);;;USSR;Asia;;3;;;;;;Dog;
A44;Miss Baker;;;United States of America;America;;1;;;;;;Squirrel Monkey;
A43;Able;;;United States of America;America;;1;;;;;;Rhesus Monkey;
A42;Gordo / Old Reliable;;;United States of America;America;;1;;;First Squirrel Monkey;;;Squirrel Monkey;
A41;Pestraya;;;USSR;Asia;;1;;;;;;Dog;
A40;Belyanka (Whitie);;;USSR;Asia;;1;;;;;;Dog;
A39;Palma-2;;;USSR;Asia;;3;;;;;;Dog;
A38;Kusachka/Otvazhnaya (Brave One);;;USSR;Asia;;7;;;;;Frequent Flyer;Dog;
A37;Mouse Wickie a.k.a. Benji;;;United States of America;America;;1;;;;;;Mouse;
A36;Mouse Mia-II (Laska);;;United States of America;America;;1;;;;;;Mouse;
A35;Mouse Mia-1 (Minnie);;;United States of America;America;;1;;;;;;Mouse;
A34;Pushok;;;USSR;Asia;;1;;;;;;Dog;
A33;Palma;;;USSR;Asia;;1;;;;;;Dog;
A32;Laika;;;USSR;Asia;;1;;;;;;Dog;
A31;Modnitsa (Fashionable);;;USSR;Asia;;2;;;;;;Dog;
A30;Belka (Squirrel);;;USSR;Asia;;4;;;;;;Dog;
A29;Dzhoyna;;;USSR;Asia;;1;;;;;;Dog;
A28;Ryzhaya;;;USSR;Asia;;2;;;;;;Dog;
A27;Damka-2;;;USSR;Asia;;3;;;;;;Dog;
A26;Albina (Whitie);;;USSR;Asia;;3;;;;;;Dog;
A25;Kozyavka (Little Gnat);;;USSR;Asia;;4;;;;;;Dog;
A24;Malyshka (Little One);;;USSR;Asia;;2;;;;;;Dog;
A23;Knopka;;;USSR;Asia;;1;;;;;;Dog;
A22;Bulba;;;USSR;Asia;;1;;;;;;Dog;
A21;Rita;;;USSR;Asia;;1;;;;;;Dog;
A20;Linda;;;USSR;Asia;;2;;;;;;Dog;
A19;Ryzhik-3;;;USSR;Asia;;1;;;;;;Dog;
A18;Mishka-2;;;USSR;Asia;;1;;;;;;Dog;
A17;Damka (Little Lady);;;USSR;Asia;;2;;;;;;Dog;
A16;Ryzhik-2;;;USSR;Asia;;2;;;;;;Dog;
A15;Lisa-2;;;USSR;Asia;;3;;;;;;Dog;
A14;ZIB (Missing Dog Bobik);;;USSR;Asia;;1;;;;;;Dog;
A13;Neputevvy (Screw Up);;;USSR;Asia;;1;;;;;;Dog;
A12;Smelaya (Courageous);;;USSR;Asia;;1;;;;;;Dog;
A11;Ryzhik (Ginger);;;USSR;Asia;;1;;;;;;Dog;
A10;Mishka;;;USSR;Asia;;1;;;;;;Dog;
A9;Chizhik;;;USSR;Asia;;1;;;;;;Dog;
A8;Lisa;;;USSR;Asia;;1;;;;;;Dog;
A7;Tsygan;;;USSR;Asia;;1;;;;;;Dog;
A6;Dezik;;;USSR;Asia;;2;;;First Dog;;;Dog;
A5;Unknown Mouse;;;United States of America;America;;1;;;;;;Mouse;
A4;Albert IV;;;United States of America;America;;1;;;;;;Rhesus Macaque;
A3;Albert II;;;United States of America;America;;1;;;;;;Rhesus Monkey;
A2;Some Fruit Flies (#2);;;United States of America;America;;1;;;;;;Fruit Fly;
A1;Some Fruit Flies;;;United States of America;America;;1;;;;;;Fruit Fly;
